Name,Log2FC_PrimCom
Glucosamine 6-Phosphate,-0.43940136824429843
L-beta-aspartyl-L-glycine,0.5341927861326611
Guanine,-0.16917025791052248
3-hydroxyisovalerylcarnitine,-0.15150383536860015
Phenylethyl alcohol,0.3298355718094864
(9Z)-3-hydroxyoctadecenoylcarnitine,-0.1067317836499368
Indirubin,-0.034489428530218656
Glutamic acid,0.03205721614175715
Thiamine,0.15489644360566662
Histamine,-0.08887826447199254
Prolinamide,0.005131337606932879
Citramalic acid,0.029293512792999975
Lysyl-Leucine,-0.44905941577166897
N-Acetyl-D-lactosamine,-0.32600496153988623
N-Methylglutamate,-0.433878999915963
Phenylacetaldehyde,-0.04702762658375087
2-Hexenoylcarnitine,-0.04063332058887667
N-Acetylserotonin,0.14561159229536552
Phenylalanylalanine,-0.10807995273175758
2-methylcitric acid,0.04838338168193062
Tributyl phosphate,0.22641609913104316
1-Naphthylamine,-0.4933160181565345
7-Methylguanine,0.02348335226651067
Decenoylcarnitine,0.3404303134782246
Adenosine triphosphate (ATP),0.36153211445189953
Triisopropanolamine,0.10581878300911664
4-Hydroxybenzaldehyde,-0.10276655999094816
Methylthioadenosine,0.1931840605481392
"4-Hydroxy-1-(2-hydroxyethyl)-2,2,6,6-tetramethylpiperidine",0.2610979289158314
Uracil,0.010707100261445557
Adenosine,0.022505393073490827
Hydroxyoctadecenoylcarnitine,0.12427867890290023
Sarcosine,0.17861097311810303
Diphenylphosphinic acid,-0.16114940015503687
2-Amino-4-methylpyrimidine,0.015718665955400092
L-Phenylalanyl-L-proline,-0.29862234293089274
Citroflex A-4,-0.1673424940562725
3-Methylhistidine,-0.002517534724879082
N-Acetylputrescine,-0.18753237363242958
Amphetamine,0.014303947603593808
Cytidine 5'-diphosphocholine,0.13457218234873053
Phosphoric acid,-0.026821384089184275
Isoleucylprolyllysine (IPK or LPK),-0.3798505466294817
Decanoylcarnitine,-0.076330214264553
Hexanoylcarnitine,-0.1361412951325343
Kynurenine,0.046644829255267126
N1-Acetylspermine,0.0241840984442694
Homoserine lactone,0.41271130747052426
gamma-Glutamylalanine,0.05238601910437705
L-beta-aspartyl-L-leucine,-0.17304337302898262
gamma-Glutamylmethionine,-0.17719486465589893
Lysyl-Valine,0.17800583994276015
Adenylosuccinic acid,-0.3384144839352671
Histidylserine,-0.10247425444516256
Glycyl-leucine,-0.21030826857250778
Caprolactam,0.09652449318428705
Ala-Asp,0.0021996642026618006
4-Guanidinobutyric acid,0.06184132785361872
Tyrosine,-0.04444736074348658
5-Aminovaleric acid betaine,-0.11296806072030896
Carbaryl,0.11522752188510467
Dipropyleneglycol dibenzoate,0.08773785716994127
Guanidinoethyl sulfonate,-0.24721782925507155
Ethionamide,-0.2108778105864898
CDP-Ethanolamine,0.11296693727966546
Adenosine diphosphate (ADP),0.3281299014076914
Gamma-glutamylleucine,-0.3984073177434784
Triethylphosphate,-0.0915422352635322
Piperidine,0.005488129764953624
"N,N,N-Trimethyllysine",0.007173692434922503
Diethanolamine,0.18322856711508415
Cytidine monophosphate (CMP),-0.08200137875280508
Tetradecanoylcarnitine,-0.16512867165395342
4-ureidobutanoic acid,0.19136010362524594
Hydroxytetradecadienoylcarnitine,0.2660128148664066
Leucyl-Valine,-0.2234304514328308
Phosphorylcholine,0.1293826437745146
Phenylethylamine,0.12390718250238057
Quinoline,0.054334167790426366
Citric acid,-0.2666895156296532
trans-4-Hydroxy-L-proline,0.12492234037705718
Indoleacrylic acid,-0.06619100733401133
"1,6-Anhydroglucose",-0.2628180766726962
(S)-1-carbamoylpyrrolidine-2-carboxylic acid,0.2203458906484212
O-palmitoleoylcarnitine,0.15458929441030617
N-Acetylglutamine,-0.21697155290435358
1-Acetylimidazole,0.007278610561356273
Indoline,-0.0011066558986142889
Triethanolamine,0.09404865977085348
Taurine,-0.014517609907204444
1-Methylxanthine,0.06168418472598484
Tetradecenoyl-L-carnitine,-0.039003313767238174
Diaminopimelic acid,-0.25961015996631154
Propanoylcarnitine,0.052705121088266534
Deoxycytidine,-0.14869149318563224
S-Methyl-L-cysteine-S-oxide,0.022706913646130557
Hydroxyhexanoycarnitine,-0.18498355152960747
Dipropylene glycol dimethyl ether,0.46995517200401343
Adenosine monophosphate (AMP),0.05009485017952178
Homoproline,0.4260328672127002
β-Nicotinamide mononucleotide,-0.23974587901199232
Adenine,0.15119301928199583
1-Methyladenosine,-0.5663484413871344
Ethanolamine phosphate,0.04567334012811081
Octenoyl-L-carnitine,-0.09258366511833535
N-Methylproline,0.26218729787158546
Adenosine Triphosphate (ATP),0.33396299283386777
Tyrosine methyl ester,0.039841103283206156
Alanyl-Alanine,-0.23417685552258266
Threonine,0.0586282021011245
Asymmetric dimethylarginine,0.1001172703961565
Leucyl-Leucine,-0.2721671549323128
Benzaldehyde,0.07156356573942628
Oleoylcarnitine,0.14498085573288713
Similarity to Pipecolate,0.0016304822289397944
Didecyldimethylammonium,0.2591976985927801
Cytosine,0.13139814451262957
Nicotinamide adenine dinucleotide phosphate (NADP+),0.16721573854459756
Gabapentin,-0.20377647628912732
Nonyltrimethylammonium,0.021011460120452453
Valyl-Aspartate,0.10737223044104788
O-Succinyl-Homoserine,0.18240620139756805
Amino-Sugars-C8,-0.06364852047501368
Phloroglucinol,-0.5006248383558768
Trigonelline,-0.2890625940980326
N-Acetylmethionine,-0.0020261161493300025
Pipecolic acid,0.2070636380245465
Adenosine Diphosphate (ADP),0.21542341384035935
gamma-Glutamylglutamine,-0.6054083586610941
Ala-Ala-Ala,-0.21111974288332758
Ornithine,0.06839529390299477
Ethylenediaminetetraacetic acid (EDTA),0.18203453707636721
Glycylvaline,-0.24106114623886088
3-Phosphoglycerate,-0.07853183445135159
N-Octyl-2-pyrrolidone,0.15987537607570457
Serylprolyllysine (SPK),-0.26676599308026083
Histidinyl-Isoleucine,-0.15175361926102215
"2,3-Bisphosphoglycerate",0.10195180129256817
Choline,0.1406998480845408
Octadecanamine,0.18874408059279607
3-Methylpyrazole,-0.1066368537200301
Aminoadipate,-0.004862113343539778
Serylalanine,-0.1315218011544994
Deoxyadenosine Monophosphate,0.0052861032718616524
Monobutyl phthalate,-0.049318698078821784
3-hydroxydodecanoyl carnitine,0.04641205609502924
Leucylphenylalanine,-0.15146600938180704
3-Ureidopropionic acid,0.08812090173019048
Malonylcarnitine,-0.19076760880539778
ADP-ribose,0.0057453102999023105
Ophthalmate,0.09655510129635012
Diethyl iminodiacetate,0.3788011849205437
Threoninyl-Serine,-0.2127694371853472
N-Methylalanine,0.07964805065110696
DEET,0.03576898755837589
Alanyl-Proline,0.022681489600096322
Oxidized glutathione,0.2348122047351965
Leucyl-Proline,-0.14352759697017092
Adenosine Monophosphate (AMP),-0.012774433932399746
3-Hydroxyadipic acid,0.12173107810632547
GABA,-0.00595630865388166
"N,N-Diethylethanolamine",-0.0261235750343875
"Trans-Cyclohexane-1,2-Diol",0.06615980085957722
Uridine Diphosphate-N-Acetylglucosamine,0.019148056061279443
Thymine,-0.06439635295437175
Hypophosphoric acid,-0.07075251837847732
"2,4,6-Tris(allyloxy)-1,3,5-triazine",-0.0510668145824043
2-methylquinolin-8-ol,0.2723633456230811
Citraconic acid,0.11477493518693788
6-Phosphogluconic acid,0.1734894404909064
Cytidine Diphosphate (CDP),0.20360632186548536
"Furan-2,5-dicarboxylic acid",0.162392474669244
N-Acetyl-L-methionine,-0.23152779017408426
Glycylleucine,-0.2458366614176895
Tiglylcarnitine,-0.023910333146980246
Pterin,0.2653193255664227
"Fructose 1,6-Bisphosphate",-0.017611052879498584
N-Acetylaspartylglutamic acid,0.4073179934983324
Valyl-Glycine,-0.12398051722418793
Deoxyadenosine,-0.05910082661399757
Uridine Monophosphate (UMP),0.025604229329719657
Similarity to Prolylleucine,-0.22498720572396377
Hydroxybutyrylcarnitine,-0.05239357882650238
"(12Z)-9,10,11-trihydroxyoctadec-12-enoic acid",-0.013762547122879441
Salsolinol,0.06664897029107807
Diethyleneglycol dibenzoate,-0.10506489701620217
Creatine,0.08762381345196349
Leucine methyl ester,0.1791608801398012
Methionine sulfoxide,0.13559058284143602
D-Ribose 5-Phosphate,-0.1083501705280634
Tetradecadiencarnitine,0.16682873587918468
Bis(2-butoxyethyl) ether,0.1572453716485622
Histidinyl-Valine,-0.18835423362485681
N-Lauryldiethanolamine,0.032877947865675626
Spermine,0.10255326902766833
Uridine,0.22811742943361615
1-Aminocyclopropane-1-carboxylic acid,0.06408855087948165
L-Cysteinesulfinic acid,-0.4210875507183223
Myristoyl-L-carnitine,0.04631954358505188
PC(2:0/0:0),0.6669398111243531
Glutamine,0.006974513835948402
Phenylacetylglutamine,-0.0582994856721023
Prolyl-Alanine,0.017027537443431218
Isobutyryl-L-carnitine,-0.1783589652745422
Valylthreonine,-0.17473937725303842
Glycyltyrosine,0.09850110635767015
Sugars-Disaccharide,-0.06972931435550066
N-palmitoyl glutamic acid,0.13239610181374864
L-Homocarnosine,0.11455759608922608
N-Propionylalanine,0.045914185504752875
Heptanoic acid,-0.009394726678450295
Methionine methyl ester,0.11028684520575205
Alanyltyrosine,-0.24332026351560568
Ergothioneine,-0.15750515413068333
Guanosine Diphosphate (GDP),0.1608482689931065
Galaxolidone,0.3680741932687066
Possible Carnitine__B,-0.051918647250487344
Propham,0.13022518594018404
Allopurinol,0.09324201472619482
LPE O-18:1,-0.21587837672547275
Threoninyl-Glutamine,-0.2400125373322859
1-Palmitoyl-sn-glycero-3-phosphocholine,-0.4207585015608941
Lauryl diethanolamide,0.09949412616521544
Hypoxanthine,-0.013473262664137594
"Cytidine 2',3'-Cyclic Phosphate",-0.1410649470420708
6-Methylnicotinamide,0.286328021065837
(9Z)-3-hydroxydodecenoylcarnitine,0.07346796628783347
Dodecanoylcarnitine,-0.19890729093641388
Myristamine Oxide,-0.15273812024472744
Sugars-Hexoses-Phosphate,-0.4616887467476243
Hypotaurine,0.15003340266109827
Guanosine Monophosphate,-0.1545059294179336
Acetyl-L-carnitine,0.04526844658463228
Vinyl Carbamate,0.1470033368123907
3-Hydroxypyridine,0.18346886666115378
Aminopurine,0.3215789817292857
5-Methylcytidine,-0.17349640256186877
N-Acetyl-L-aspartic acid,0.40321012382396226
"1,3-Diphenylurea",0.24998586278396934
Homocysteine Thiolactone,0.10632450425528946
Phosphocreatine,0.04364428527217841
Glyceraldehyde 3-Phosphate,0.09876455308204227
4-(Dimethylamino)pyridine,0.05154601102932596
Neopterin,-0.0945364896784268
Methylimidazoleacetic acid,-0.11770148951437923
Lenticin,-0.1033004081085805
Carnosine,-0.10185447000125356
Citroflex 2,0.19858549744724008
Maleamate,0.09239224702415698
Cytidine,0.3946471816228712
dTDP-alpha-D-glucose,0.15259299546839092
"2,6-Dimethylpyrazine",-0.1861349109244493
S-Adenosylmethionine,0.15910212569253313
Homostachydrine,-0.38332132707600863
Phenylalanine,0.06152881265337641
N-Carboxyethyl-gamma-aminobutyric acid,0.36081209197209524
Methionine,-0.011530541393624095
Valyl-Serine,0.047110411938613386
1-Vinylimidazole,-0.23690158346077364
2-Acetamido-N-β-aspartyl-2-deoxyhexopyranosylamine,-0.09831819253022608
Valylphenylalanine,-0.18300190865769042
Thymidine-Monophosphate (dTMP),0.10055255177124298
Prolylleucine,-0.10927593819939778
Alanine,0.09990315577834095
Alanylvaline,-0.19845962802347794
Uridine Diphosphate (UDP),0.3179303098429283
N(6)-Methyllysine,-0.3578783213935484
Leucyl-Serine,-0.3533791348498983
2-(4-aminotetrahydro-2H-pyran-4-yl)acetic acid,0.07746216841826148
Aspartame,-0.10076599654910391
Amino-Sugars-C6,-0.5186269151982257
"1,5-Naphthalenediamine",-0.04169042473680838
Glutathione oxidized,0.17699389403454402
Mandelate,-0.02788532115840042
δ-Valerolactam,-0.10279483341713695
Argininosuccinic acid,0.08927757280855608
Tri(butoxyethyl) phosphate,0.27068144847026604
Leucylalanine,-0.3224907342275287
4-Indolecarbaldehyde,0.1463507947562084
N-Acetylneuraminate,-0.25003930944954483
Propionyl-L-carnitine,-0.014891599307843468
"6-(methylamino)hexane-1,2,3,4,5-pentaol",-0.01664284853099787
Alanyl-Glutamine,-0.2504591414018739
1-Methylhistamine,-0.21819269437329836
Pantothenate,0.03707431316225545
Guanosine monophosphate (GMP),0.007762067012085138
Gamma-Glutamylcysteine,-0.38489291765066175
L-Glutathione (reduced),0.17795106218667575
Valine,0.03706449839918775
N-Acetylthreonine,0.0906789076240601
Indolelactic acid,-0.005189852138118268
Lidocaine,0.022918194038967245
Cinnamic acid,-0.02475576015758898
Valeryl-L-carnitine,-0.4257101383171471
Cystine,0.025168442018214783
Thioproline,-0.3015571108192029
5-Hydroxyindole,0.10131513005786986
trans-3-Indoleacrylic acid,-0.005655117860941439
Octanoyl-L-carnitine,-0.17314648301918145
Inosine,-0.1859188016490817
Phytosphingosine 1-phosphate,0.6221790864329376
L-Tyrosine methyl ester,0.3004362787644923
Guanidoacetic acid,-0.09717518684875916
Lysine,-0.04327050127316651
Serylleucine,-0.2516715607355967
1-Methylguanosine,-0.31778404077836736
Melamine,0.2976306524864999
Dihydroxyacetone phosphate,-0.0303237815587579
Trans-Aconitate,-0.02562603149966294
Uridine Triphosphate (UTP),-0.16261212613411627
Isoleucine/Leucine,0.027116353819074266
S-Adenosylhomocysteine,-0.2675771558998615
Histidinyl-Alanine,-0.15329389468263685
3-hydroxydodecanoylcarnitine,-0.009946744136679809
Proline,0.09118898749122542
Succinylcarnitine,0.0787945352225471
Cartinine,-0.017945963645867244
Valine betaine,-0.13839420487478118
Arginyl-Phenylalanine,-0.1843297547307012
Glycerophosphocholine,0.39339531406818673
Deoxycarnitine,-0.0823266894257941
Betaine,-0.036238740272203855
Asparagine,0.021365739034825734
Valyl-Tyrosine,-0.04993586448395207
Diatrizoic acid,0.031824922082058886
Arginine,0.03569142929061403
Citrulline,0.09868076748106715
N-Formylmethionine,0.14926017633741412
3-Hydroxyhexadecanoylcarnitine,0.19364141674500512
S-Lactoylglutathione,0.32370518371086116
Isovaleryl-L-carnitine,0.01244135039720547
epsilon-(gamma-Glutamyl)lysine,-0.25056886324127586
Targinine,0.15862979430491533
Sphinganine-phosphate,0.053632077714408345
gamma-Glutamylcysteine,-0.14298492719836156
N-Acetylglutamic acid,-0.30646093247856343
Histidine,0.016920898038281902
Inosine-5'-monophosphate (IMP),0.05819440794095147
Dodecenoylcarnitine,-0.08586751679422207
Ala-Phe,0.08030268127159088
Aspartate,0.08807950926190161
2-Oxoadipic acid,0.22182740824337846
Acetoacetic acid,-0.20729168076071133
Acetylcholine,-0.02503181314323404
3-ydroxyhexadecanoylcarnitine,0.0934873778276798
Serine,0.047923083656970664
"N,N-Dimethyldodecylamine N-oxide *",0.032124367398283796
Hydroxypalmitoleoylcarnitine,0.06684245970101925
Riboflavin,0.060687141787545265
Asparaginyl-lysine,0.13494626789380923
Hydroxydodecenoylcarnitine,0.06658710315891814
Stachydrine,-0.016555944923956782
Prolylglycine,0.2942951626213023
Possible Carnitine__A,0.10826914239335127
Uridine Diphosphate Glucose (UDP glucose),0.4524500381903426
Sphingosine-1-phosphate,0.0739282713491656
Glycyl-Asparagine,-0.36254244739255703
Gamma-glutamylglutamate,-0.2197511735386169
Nicotinamide,0.09635291153751468
SEROTONIN CREATININE SULFATE COMPLEX,0.07347705611735181
Umbelliferone,-0.04968879772530245
C8 H9 N,-0.05643209124710739
D-Erythro-sphingosine 1-phosphate,-0.0748151490309837
Heptanoylcarnitine,-0.30679315595410683
Valyl-Valine,-0.30830473929614954
4-Hydroxyhippuric acid,0.03631830884632526
LPC 18:2-SN1,0.10066402037241025
Creatinine,0.09924583355484497
Flavin adenine dinucleotide (FAD),-0.007334003513044768
Threoninyl-Leucine,-0.2849447941860659
Guanosine Diphosphate Mannose,-0.08002293429286339
Guanosine,-0.31621632840990044
Palmitoylcarnitine,-0.17600727754877923
Indole,-0.06931963575656655
Alanyl-Leucine,-0.3601479097862439
N6-Acetyl-L-lysine,-0.17293355915517755
Methyl jasmonate,0.0393640598325363
Hydroxyisovalerylcarnitine,-0.04106784906887751
Hydroxyhexadecadienoylcarnitine,0.17324149044605466
Ectoine,-0.12296038506920241
Hexadecanoylcarnitine,0.2789206123572838
Phthalic anhydride,-0.09416549348435138
5-Oxoproline,-0.005730327794829019
Ascorbic acid,0.12319587439113301
UDP-N-acetylglucosamine,0.08292733349186598
Glycyl-Serine,-0.05609881657388836
Carnitine,0.012867509137406382
Tryptophan,0.03081339186386337
Lumichrome,-0.2069167836689522
Spermidine,0.05766244875584969
"3-(3,4-dihydroxyphenyl)propanoic acid",0.1243368378926328
Alanyl-Glycine,0.02409306860837534
Centralite,-0.04930596730701497
N-Fructosyl isoleucine,-0.20239846953362473
