feature,delta_z
None,0.2110309429981396
CAR 12:0,-0.19571972860427028
CAR 14:0,-0.14657389058077008
CAR 14:1,-0.2626502373773363
CAR 16:0,-0.023069771783539944
CAR 16:1,-0.16814390440821766
CE 18:1,0.06748058366279848
CE 18:2,0.18024515060036372
CE 20:1,0.1919605068709267
CE 20:2,0.2428143436830755
CE 20:3,-0.06987648800539485
CE 20:4,-0.3181234948491387
CE 22:2,0.34639682868418775
CE 22:3,-0.010863623547948422
CE 22:4,-0.1336302601552417
CE 22:5,-0.12600264991753263
CE 22:6,0.007901403887214
CE 24:1,0.49519062721820084
None,1.0232183501050618
None,0.8789174985274466
None,0.5499047196667873
DG 16:0_16:0_0:0,0.3776228816783761
DG 18:0_16:0_0:0,0.31851589688897813
DG 18:1_16:0_0:0,0.37297790007195675
DG 18:2_16:0_0:0,0.6439400159058671
DG 20:3_16:0_0:0,0.22210605925963742
DG 20:4_16:0_0:0,-0.11225491417585397
DG 22:4_16:0_0:0,0.029138510992865956
DG 18:1_18:0_0:0,0.8551563956811407
DG 18:2_18:0_0:0,1.1011756900010055
DG 20:3_18:0_0:0,0.7208090116471468
DG 20:3_18:0_0:0,-0.1666660561477354
DG 20:4_18:0_0:0,-0.4730284983415955
DG 22:4_18:0_0:0,-0.08665382097739466
DG 18:1_18:1_0:0,0.8707645515401222
DG 18:2_18:1_0:0,0.9340208571025108
DG 26:1_18:1,-0.667864379948863
None,-0.7217822474778728
None,-0.32466231273559865
None,-0.9927063685061444
None,-0.7937499563996627
None,-0.5719792709613851
None,-0.7242634132388619
None,-0.7870368319643446
None,-0.8128398928061233
None,-0.6482737490449648
None,-0.7498864577132303
None,-0.7496768097272064
None,-0.8158549602315526
None,0.37703625769571764
LPC 14:0_0:0,0.5450290899287749
LPC 14:0_0:0,-0.22867957271202438
LPC 16:0_0:0,0.16134849869155388
LPC 16:0_0:0,-0.699396877484205
LPC 18:0_0:0,0.06649666514908423
LPC 18:0_0:0,-0.19829086401948057
LPC 18:1_0:0,0.12033469234626626
LPC 18:1_0:0,-0.3321409307315687
LPC 20:4_0:0,0.6188871837183427
LPC 20:4_0:0,0.3217678540046685
PC 14:0_14:0,-0.2731356487948065
PC 15:0_14:0,-0.5443976993159998
PC 16:0_14:0,-0.5970217348042394
PC 16:1_14:0,-0.5051204368496305
PC 16:1_14:0,-0.3210411780739696
PC 16:1_14:0,-0.5540784699885111
PC 20:4_14:0,-0.3172924256200653
PC 22:6_14:0,-0.571114432290769
PC 16:0_14:1,-0.1427391248808078
PC 16:0_15:0,-0.06008947927003207
PC 16:0_15:0,-0.8030488001685845
PC 16:1_15:0,-0.7256423803709953
PC 16:1_15:0,-0.6282409869646803
PC 20:4_15:0,-0.6432733893667384
PC 22:6_15:0,-0.8307116261656985
PC 16:0_16:0,-0.5277419874144261
PC 16:0_16:0,-0.8377558374766846
PC 16:1_16:0,-0.8128135233366286
PC 18:1_14:0,-0.8128135233366286
PC 16:1_16:0,-0.7003726450237624
PC 16:1_16:0,-1.1380092632192969
PC 17:0_16:0,-0.8938359611810329
PC 17:1_16:0,-0.7721513304993142
PC 18:1_15:0,-0.7721513304993142
PC 18:0_16:0,-0.9651094921390675
PC 18:1_16:0,-0.7559372635083741
PC 18:2_16:0,-0.46910604119389343
PC 18:2_16:0,-1.0184960829826764
PC 18:3_16:0,-0.48666457502942695
PC 18:2_16:1,-0.48666457502942695
PC 18:3_16:0,-0.9883594071194779
PC 20:3_16:0,-0.592578471389973
PC 20:3_16:0,-0.7376202743486875
PC 20:4_16:0,-0.6405819800854042
PC 20:5_16:0,-0.40761146237384005
PC 22:1_16:0,-0.599475468260571
PC 20:1_18:0,-0.599475468260571
PC 22:4_16:0,-0.9448337656323401
PC 22:5_16:0,-0.738231978246493
PC 22:6_16:0,-1.046776412167209
PC 24:0_16:0,-0.2521728727456811
PC 24:1_16:0,-0.336516256998903
PC 24:4_16:0,-0.4707798456968113
PC 26:0_16:0,-0.6605539982807996
PC 26:1_16:0,-0.6894123403317494
PC 24:0_18:1,-0.6894123403317494
LPC 16:1_0:0,0.14351028853971431
LPC 16:1_0:0,-0.231540291376788
PC 16:1_16:1,-0.46170564308155204
PC 16:1_16:1,-0.37505328235046964
PC 18:2_14:0,-0.37505328235046964
PC 17:1_16:1,0.2166569883758028
PC 18:2_15:0,0.2166569883758028
PC 18:1_16:1,-0.14298034617624983
PC 18:2_16:1,-0.047735321559747156
PC 20:4_16:1,-0.7648698075735214
PC 22:4_16:1,-0.3110918946955928
PC 22:6_16:1,-0.7275370091696758
PC 22:6_16:1,-1.0755105172252748
PC 16:2_16:0,-0.869900912299368
LPC 17:0_0:0,0.06292601154480577
LPC 17:0_0:0,-0.3010310878258877
PC 18:1_17:0,-0.4273852806567586
PC 20:4_17:0,-0.8608222500682288
PC 22:6_17:0,-0.9368009798806354
LPC 17:1_0:0,-0.245410848941083
PC 18:1_17:1,-0.42427283700949486
PC 20:4_17:1,-0.4344958208303945
PC 18:1_18:0,-0.91885953893588
PC 18:2_18:0,0.05570764502671039
PC 20:3_18:0,-0.37400392873239374
PC 20:3_18:0,-0.49820767845502034
PC 20:4_18:0,-0.6964886839990507
PC 22:4_18:0,-0.8991306478362961
PC 22:5_18:0,-0.6935206115025329
PC 22:6_18:0,-0.9777126834873715
PC 18:1_18:1,0.085529608672226
PC 18:2_18:1,0.05684172609503399
PC 19:1_18:1,-0.20305637812087474
PC 20:3_18:1,-0.3468989283267766
PC 20:4_18:1,-0.5216491035663299
PC 22:5_18:1,-0.5625695999845817
PC 22:6_18:1,-0.6405523307553322
PC 24:0_18:1,-0.6894123403317494
PC 26:1_16:0,-0.6894123403317494
PC 24:1_18:1,-0.6397223056546877
PC 26:1_16:1,-0.6397223056546877
PC 26:0_18:1,-0.7364401526778499
PC 26:1_18:1,-0.8016803256205768
PC 28:0_18:1,-0.6343097895608883
PC 28:1_18:1,-0.8803099344075954
PC 30:1_18:1,-0.8500813927576303
PC 30:2_18:1,-1.0551459138242099
PC 36:6_18:1,-1.3487433644568503
LPC 18:2_0:0,0.9524209913603137
LPC 18:2_0:0,0.2610233284263491
PC 18:2_18:2,0.05275766039061226
PC 20:3_16:1,0.05275766039061226
PC 20:4_18:2,-0.386133999625581
LPC 19:0_0:0,-0.12424607992504386
LPC 19:1_0:0,-0.4035042713899297
PC 20:4_19:1,-0.4664827627621042
LPC 20:0_0:0,0.04001383854781488
LPC 20:1_0:0,0.6370663503398795
LPC 20:1_0:0,0.17482665959086036
LPC 20:2_0:0,0.2813335588865703
PC 20:4_20:2,-0.10324350368908639
LPC 20:3_0:0,0.7349302192795282
LPC 20:3_0:0,-0.05737796116095702
PC 20:4_20:3,-0.8628821447944303
PC 22:6_20:3,-1.0911065549254306
PC 26:1_20:3,-0.8680370485325206
PC 20:4_20:4,-0.900775361493301
PC 22:6_18:2,-0.900775361493301
PC 22:4_20:4,-0.28024576547401175
PC 22:6_20:4,-1.1583409630999437
PC 24:1_20:4,-0.5453207677730609
PC 26:1_20:4,-0.8963155369540603
PC 28:1_20:4,-0.9874125648410159
PC 36:4_20:4,-1.4171151268162259
PC 36:5_20:4,-1.4669195158795691
None,-0.11520155083865208
LPC 20:5_0:0,0.45616364777332896
LPC 22:0_0:0,0.07443011378528007
LPC 22:1_0:0,0.2886381259941281
LPC 22:4_0:0,0.6477545926201506
LPC 22:4_0:0,0.20194780946468388
PC 22:6_22:4,-0.8596499435756155
LPC 22:6_0:0,0.8089167741110994
PC 22:6_22:6,-1.0438402942291534
PC 36:4_22:6,-1.3390885333963465
LPC 24:0_0:0,-0.42074448525768504
LPC 26:0_0:0,-0.553897141689619
LPC 26:1_0:0,-0.6953392933880629
LPC 26:1_0:0,-0.6558885988792016
PC O-16:0_14:0,0.4004714425569927
PC O-16:0_14:0,0.4004714425569927
LPC O-16:0_0:0,0.6375298580353561
PC O-16:0_16:0,0.3314084702465131
PC O-16:1_16:0,-0.29579305356798014
PC O-16:1_16:0,0.01618232644879738
PC O-18:1_16:0,-0.2693331494643766
PC P-18:0_16:0,-0.2693331494643766
PC O-18:2_16:0,0.8030159767801688
PC O-20:4_16:0,0.45053075060983894
LPC O-18:0_0:0,0.6369253741310477
PC O-18:0_16:0,-0.15104514986700973
PC O-18:1_18:0,0.3341499361537993
PC O-22:4_18:0,0.27831711079284643
LPC O-18:1_0:0,0.6129898227591055
PC O-20:4_18:1,0.6369023495632249
PC P-16:0_16:0,-0.3203339076226839
PC P-16:1_16:0,-0.39124187753200657
PC P-18:1_16:0,-0.4634094351445047
PC P-20:4_16:0,-0.10316709636940069
PC P-20:4_18:0,0.3891510138444184
PC P-22:6_18:0,0.5103768328683467
PC P-22:6_18:0,0.31239284189074734
PC P-18:1_18:1,-0.4172785564885929
None,0.29125038374770984
None,0.29125038374770984
None,0.0749943242931112
None,-0.38094262673954593
None,-0.38094262673954593
None,-0.9725436860355171
None,-1.311809377149577
None,-0.061652552363557406
None,0.5028667103815192
None,-0.039918140151027036
None,-1.112676920577199
None,-1.4199805668884786
None,-0.2251631801617807
None,0.12996124277725266
None,-0.6552939411644999
None,-0.3346778530336392
None,-0.4792485457181205
None,0.33090445297225085
None,-0.893674431532739
None,-0.9101581698220275
None,-0.8206828754886767
None,-0.8481773147161709
None,-0.12026677836124383
None,0.05216563459542449
None,0.02172850774848322
None,-1.0608212456673796
None,-1.0246894316730875
None,0.09100976699984159
None,-0.41682460429840695
None,-0.13962981519806122
None,-0.17488105912804908
None,-1.06610726792132
None,-1.06610726792132
TG 20:4_16:0_10:0,0.6845638862467635
TG 22:6_18:2_12:0,0.6688637715242214
TG 16:0_16:0_14:0,0.3574356921637317
TG 20:4_16:0_14:0,0.5677323052367761
TG 18:1_18:1_14:0,0.781187477309564
TG 18:1_16:1_16:0,0.781187477309564
TG 20:4_20:4_14:0,0.5478534824883057
TG 22:6_18:2_14:0,0.5478534824883057
TG 22:6_20:4_14:0,0.5937932287477534
TG 16:0_16:0_16:0,-0.007590285695720057
TG 17:0_16:0_16:0,0.6269353741183779
TG 18:0_16:0_16:0,0.013839351544340068
TG 18:1_16:0_16:0,0.8006667582529957
TG 18:1_18:0_16:0,0.9901228660357
TG 18:2_18:0_16:0,0.7989132511176215
TG 18:1_18:1_16:0,0.7989132511176215
TG 20:4_18:0_16:0,0.725794381722
TG 22:6_18:0_16:0,0.6984934714939413
TG 20:4_18:1_16:0,0.7847861354799645
TG 22:4_18:1_16:0,0.8201212725591207
TG 22:5_18:1_16:0,0.91328320346675
TG 20:4_18:1_18:1,0.91328320346675
TG 23:0_18:1_16:0,0.1922518078295014
TG 23:1_18:1_16:0,0.46980277806662574
TG 18:2_18:2_16:0,0.43177165528195527
TG 20:4_18:2_16:0,0.8459632635863497
TG 20:4_18:1_16:1,0.8459632635863497
TG 22:6_20:1_16:0,0.8765012564920218
TG 22:6_18:1_18:0,0.8765012564920218
TG 22:6_20:4_16:0,0.7036594671304701
TG 22:6_20:5_16:0,0.5246908249023317
TG 22:6_20:4_16:1,0.5246908249023317
TG 22:6_22:6_16:0,0.486602039274351
TG 18:1_18:1_16:1,0.6308674873163878
TG 18:2_18:1_16:0,0.6308674873163878
TG 18:2_18:2_16:1,0.3532692047064154
TG 20:4_18:2_16:1,0.6537051686742158
TG 22:6_20:5_16:1,0.42984436384403896
TG 18:2_18:1_17:1,0.7111457739797659
TG 18:1_18:1_18:0,1.0799717380576535
TG 20:1_18:1_16:0,1.0799717380576535
TG 22:4_18:1_18:0,0.8668673072116876
TG 22:5_18:1_18:0,0.8325439688667295
TG 22:6_18:0_18:0,0.8325439688667295
TG 22:4_20:4_18:0,0.8155086084636594
TG 22:6_20:4_18:0,0.7416139905605027
TG 22:6_22:4_18:0,0.7183284179326652
TG 22:6_22:6_18:0,0.6138336948317298
TG 22:4_18:1_18:1,0.8919192191118788
TG 25:0_18:1_18:1,0.07103533963630218
TG 26:1_18:1_18:1,0.6890484799863377
TG 18:2_18:2_18:1,0.5735622277427679
TG 24:1_18:2_18:1,0.8986475421231961
TG 22:2_19:1_18:1,0.5980165875334733
TG 28:2_23:0_18:1,0.3822257546987793
TG 18:2_18:2_18:2,0.4599241060118645
TG 18:3_18:2_18:2,0.3675917826406434
TG 20:4_18:2_18:2,0.7754963367291473
TG 22:6_18:2_16:0,0.7754963367291473
TG 20:4_20:4_18:2,0.7960426464131417
TG 22:6_18:2_18:2,0.7960426464131417
TG 22:4_20:4_18:2,0.7425967847504473
TG 22:6_22:6_18:2,0.6955582734080843
TG 22:6_20:4_20:4,0.6955582734080843
TG 22:6_20:5_20:4,0.6298366544953914
TG 22:6_22:5_20:4,0.761269800981439
TG 22:6_22:6_20:4,0.6161639325626536
TG 44:1;,0.8422362973513677
TG 46:1;,0.6528671792082129
TG 46:2;,0.8038049984227655
TG 48:1;,0.5868364380616433
TG 48:2;,0.7007413551458269
TG 48:4;,0.626006635085794
TG 49:1;,1.0090819136629785
TG 49:2;,0.9862958402472999
TG 50:3;,0.653122174822172
TG 51:1;,1.0498855523799837
TG 51:2;,1.0283157623316217
TG 51:3;,0.7992029985687805
TG 52:0;,-0.004844872085323946
TG 52:4;,0.6969098022398694
TG 52:5;,0.6040412838358027
TG 52:6;,0.6014760817698995
TG 53:2;,1.0795715272067004
TG 53:3;,0.9997498854922133
TG 54:1;,0.9490002000790925
TG 54:3;,0.9579035993573455
TG 54:4;,0.6987747459047812
TG 54:6;,0.6896588870222171
TG 54:7;,0.5433052485889475
TG 56:1;,0.7374015442147128
TG 56:3;,1.0364312319961477
TG 56:5;,0.8344995911289717
TG 56:7;,0.7966234132626377
TG 56:9;,0.6813782884859353
TG 58:1;,0.5486600660211666
TG 58:2;,0.8295274094802488
TG 58:8;,0.9039004344438758
TG 58:9;,0.8913585605414784
TG 59:1;,0.12455492166305877
TG 60:1;,0.4498692977379172
TG 60:11;,0.8197462630735807
TG 60:12;,0.7859582484364969
TG 60:13;,0.4628274381217975
TG 60:2;,0.5829537712484139
TG 60:3;,0.8837203147664425
TG 60:4;,0.5459051237071271
TG 60:9;,0.9203197023548794
TG 62:13;,0.6796746827874347
TG 62:2;,0.4489580351813704
None,-0.11557803606758002
None,0.9611711218190648
None,0.9611711218190648
None,1.0447358064269223
None,0.28334182894526566
None,0.8403490728795553
None,0.8566191654403844
None,0.7465944679075014
None,-0.01925267814835941
None,-0.35739058501546206
None,-0.5825696617275541
None,0.4887416801414233
None,0.0066975280126128755
None,0.5754678889760418
None,0.3275552988986016
None,-0.44412237260625215
None,0.010474138803849415
None,-0.3566809711051432
CL 70:4,-0.4634800314538857
CL 72:5,-0.6779712689963115
PA 18:1_16:0,-0.8364799859699728
PA 18:2_16:0,-0.5454184583867049
PA 20:4_16:0,-1.0630876346890232
PA 18:1_18:1,-0.6383815479174593
PA 20:4_18:1,-0.814823507048547
PE 22:6_14:0,-0.8396427771369994
LPE 16:0_0:0,0.6252622344802595
LPE 16:0_0:0,-0.4347168799728948
PE 16:0_16:0,0.8687537879236891
PE 16:1_16:0,0.04905936942017027
PE 18:1_14:0,0.04905936942017027
PE 18:0_16:0,0.06833557680301382
PE 18:1_16:0,-0.2875672735788214
PE 18:2_16:0,0.3970769842398516
PE 18:1_16:1,0.3970769842398516
PE 20:4_16:0,-0.32152094598477693
PE 20:5_16:0,-0.24881114458002884
PE 22:4_16:0,-1.0929923714807588
PE 22:5_16:0,-0.7905214801989178
PE 22:6_16:0,-1.1340209873429918
LPE 16:1_0:0,0.6853216669435103
PE 18:1_16:1,-0.342585012257894
PE 18:2_16:1,-0.10966471715612058
PE 20:4_16:1,-0.6842831257306092
PE 22:6_16:1,-0.4499917798531192
LPE 17:0_0:0,0.43610146860553883
PE 20:4_17:0,-0.43781470142862877
PE 22:6_17:0,-1.2122410058155242
LPE 18:0_0:0,0.3684343983989394
LPE 18:0_0:0,0.005796866140665791
PE 18:1_18:0,0.12983645977824013
PE 18:2_18:0,0.6632754813615125
PE 20:2_16:0,0.6632754813615125
PE 20:1_18:0,0.22273533474008583
PE 20:2_18:0,-0.21561004295486702
PE 20:3_18:0,-0.06899660306350316
PE 20:3_18:0,-0.524407237560334
PE 20:4_18:0,-0.7989193808417028
PE 22:3_18:0,-0.6689853875894608
PE 22:4_18:0,-1.4062893590196617
PE 22:5_18:0,-1.1704041384580557
PE 22:6_18:0,-1.4487016381076825
PE 24:4_18:0,-0.8534386382782291
LPE 18:1_0:0,0.9174288209298986
LPE 18:1_0:0,0.4722992231799549
PE 18:1_18:1,0.03650464516638267
PE 18:2_18:1,0.5083806509154207
PE 18:2_18:1,-0.3148143317319544
PE 20:3_16:0,-0.3148143317319544
PE 20:1_18:1,0.4290079536324196
PE 20:2_18:1,0.40016603746503554
PE 20:3_18:1,-0.007787716517911982
PE 20:4_18:1,-0.6594185653865929
LPE 18:2_0:0,1.0413961025286564
PE 20:4_18:2,-0.5442445638587838
LPE 20:0_0:0,0.5379126140108201
PE 20:4_20:0,0.0384678100282643
LPE 20:1_0:0,0.6692331483905729
LPE 20:1_0:0,0.15268918301381118
LPE 20:2_0:0,0.6619021057591976
LPE 20:3_0:0,0.8496031423273172
LPE 20:3_0:0,0.7353680429654608
LPE 20:4_0:0,0.686855896443091
PE 22:0_20:4,0.3471376393383395
LPE 20:5_0:0,0.7842853911598533
LPE 22:1_0:0,0.6870427658348992
LPE 22:1_0:0,0.4958245145693763
LPE 22:2_0:0,0.3906311034233332
LPE 22:2_0:0,-0.16678384546809827
LPE 22:4_0:0,0.41267980455738984
LPE 22:4_0:0,-0.08152353714184699
LPE 22:6_0:0,0.5926603058706369
PE 22:6_22:6,-1.0532672748909075
PE 24:0_18:1,0.6469330226530015
PE O-20:3_16:0,0.16878311746351699
PE O-20:4_16:0,0.5700510400129116
PE O-22:4_16:0,-0.2538502833108478
PE O-22:6_16:0,-0.0716896071439087
PE O-18:0_16:0,1.037373483043802
PE O-18:0_16:0,0.5045156475089634
PE O-18:1_18:0,1.0048560159849775
PE O-22:4_18:0,-0.34943851450401486
LPE P-16:0_0:0,-0.3407986364636487
PE P-16:0_16:0,-0.4075130983430876
PE P-16:1_16:0,-0.8007960854195906
PE P-18:1_16:0,-0.4574602277637596
PE P-18:2_16:0,0.15226714530736338
PE P-20:3_16:0,-0.5817452049607593
PE P-20:3_16:0,-0.3570241670501641
PE P-20:4_16:0,-0.19740325230023148
PE P-20:5_16:0,0.26795024272659484
PE P-22:4_16:0,-1.1044352211691426
PE P-22:5_16:0,-0.7571567708508791
PE P-20:4_18:1,-0.7571567708508791
PE P-22:6_16:0,-0.937998016989791
LPE P-18:0_0:0,-0.43331580595403146
PE P-18:0_16:0,-0.9619721414922344
PE P-18:0_16:0,-0.9619721414922344
PE P-18:1_18:0,-0.3445327535955028
PE P-20:1_18:0,-0.49238691871019136
PE P-20:3_18:0,-0.7275435575118925
PE P-20:3_18:0,-0.4554259806889105
PE P-20:4_18:0,-0.42250300409298086
PE P-20:5_18:0,-0.5196425155976129
PE P-22:5_16:0,-0.5196425155976129
PE P-22:1_18:0,-0.3146437224279679
PE P-22:4_18:0,-1.320934614917093
PE P-22:5_18:0,-0.30521119826906856
PE P-22:5_18:0,-0.8743296522651188
PE P-22:6_18:0,0.03066432115386864
PE P-22:6_18:0,-0.9344108343756895
PE P-18:1_16:1,-0.8552997027666087
PE P-18:1_18:1,-0.609590687409221
PE P-20:1_18:1,-0.5665568094460296
PE P-20:5_18:1,-0.05331690092702121
PE P-22:4_18:1,-0.9140114851322436
PE P-22:5_18:1,-0.4699305190219122
PE P-22:5_18:1,-0.5379250954694034
PE P-22:6_18:1,-0.7094981712902318
PE P-20:4_20:0,-0.032540507109204364
PE P-22:6_20:0,0.13503423269229836
PG 16:0_16:0,-1.2552140297625127
PG 16:0_16:0,-0.30368806281619354
PG 16:1_16:0,-0.8204072458259347
PG 18:0_16:0,-0.5199176893036495
PG 18:1_16:0,-0.32256658223719126
PG 18:1_16:0,-0.7327076794830024
PG 18:2_16:0,0.14650784561177826
PG 20:4_16:0,-0.5593739425088677
PG 20:4_16:0,-0.9690504238780041
PG 22:6_16:0,-0.20526688741613622
PG 18:1_16:1,-0.5389475330253124
PG 18:2_16:0,-0.5389475330253124
PG 18:2_16:1,-0.8684676108244155
PG 20:4_16:1,-1.1125035254848152
PG 22:6_16:1,-0.8473877193811543
PG 18:1_17:1,-0.604000793881764
PG 18:2_17:1,-0.39607437423241515
PG 18:1_18:0,0.047271294172277406
PG 18:1_18:0,0.05712466929341502
PG 20:4_18:0,-1.091290888932458
LPG 18:1_0:0,0.53465088287243
PG 18:1_18:1,-0.25975754063197837
PG 18:1_18:1,-0.4052614640303789
PG 18:2_18:1,-0.15847276583227343
PG 18:2_18:1,0.06328432969537204
PG 19:1_18:1,-0.5862245316097681
PG 20:1_18:1,0.10345029842703551
PG 20:2_18:1,-0.008439946481549878
PG 20:3_18:1,-0.575605684508957
PG 20:3_18:1,-0.4848356986802135
PG 20:4_18:1,-0.7806995768126656
PG 20:4_18:1,-0.63641209280515
PG 22:4_18:1,-0.18218915778984923
PG 22:5_18:1,-0.3075679516751356
PG 22:6_18:1,-0.08495094865489008
LPG 18:2_0:0,0.6318260548773822
PG 18:2_18:2,-0.08466246365914763
PG 19:1_18:2,-0.39539192612902974
PG 20:3_18:2,-0.3651273566100367
PG 20:4_18:2,-0.3734145193354
PG 22:4_18:2,-0.3758673088219118
PG 22:6_18:2,-0.3077975063231696
PG 22:6_20:3,-0.5705803560973063
LPG 20:4_0:0,-0.16758569791900796
PG 22:6_20:4,-0.8949750530115594
PG 22:6_22:4,-0.21352411705211616
LPG 22:6_0:0,0.24863123307287177
PG 22:6_22:6,-0.8458888092235612
LPI 16:0_0:0,0.39761163657563803
PI 16:0_16:0,-0.7487400367467749
PI 18:1_16:0,-1.4465775291311065
PI 18:2_16:0,-0.18810671973194457
PI 20:3_16:0,0.04984878485552602
PI 20:3_16:0,-0.42747573825845697
PI 20:4_16:0,-1.0200486216481728
PI 22:6_16:0,-0.6927276083155303
PI 20:4_16:1,-1.2843484266247578
PI 20:4_17:0,-0.6417809457296377
LPI 18:0_0:0,0.5107194060448297
PI 18:1_18:0,0.12788814596926606
PI 18:2_18:0,0.5033041957862114
PI 20:3_18:0,0.4173141365054215
PI 20:3_18:0,-0.09454019000847702
PI 20:4_18:0,-0.8530579852461988
PI 22:4_18:0,-0.17786990257912288
PI 22:5_18:0,-0.13858065400497072
PI 22:6_18:0,-0.7919458337638996
LPI 18:1_0:0,0.634363701993981
PI 18:1_18:1,0.36307230636371196
PI 18:2_18:1,0.48968813865387817
PI 20:3_18:1,0.11373851634176697
PI 20:3_18:1,-0.5892597548033367
PI 22:4_16:0,-0.5892597548033367
PI 20:4_18:1,-0.8615852850941523
PI 22:6_18:1,-0.6068491436982089
PI 20:4_18:2,-0.9990606415061118
PI 20:4_19:0,-0.40190886138073467
PI 20:4_20:1,0.36225596452864134
PI 22:5_18:0,0.36225596452864134
LPI 20:3_0:0,1.0401066568537944
PI 20:4_20:3,-1.1038896767898472
LPI 20:4_0:0,0.6158685365540193
PI 20:4_20:4,-0.9865174665110156
PI 22:6_20:4,-1.1985371343962836
LPI 22:6_0:0,0.44368420030306177
PI O-20:4_16:0,-0.48472835727006697
PI O-20:4_18:0,0.2240332825471834
PI P-18:0_16:0,-0.5462632201137095
PI P-20:4_18:0,-0.0596528828433171
PI P-22:4_18:0,-0.5184238379295841
PS 18:1_16:0,-0.7460545243606229
PS 18:2_16:0,-0.27454466946451267
PS 18:1_16:1,-0.27454466946451267
PS 20:3_16:0,-0.7922476220430488
PS 20:4_16:0,-0.8835289894757663
PS 22:6_16:0,-1.0596222127152233
PS 18:0_16:1,-0.8159289283187898
PS 18:1_18:0,-0.5746372941378088
PS 18:2_18:0,-0.1467644668594148
PS 20:1_18:0,-0.5296210632548872
PS 20:2_18:0,-0.5229559484538966
PS 20:3_18:0,-0.36178818255338696
PS 20:3_18:0,-0.6440283266331799
PS 20:4_18:0,-1.0422734278588708
PS 22:4_18:0,-1.3833324655115042
PS 22:4_18:0,-1.3803812026756384
PS 22:6_18:0,-1.4740790453370227
PS 24:4_18:0,-0.6216050499283019
LPS 18:1_0:0,0.8673005204252011
PS 18:1_18:1,-0.625205660580542
PS 18:2_18:1,-0.49783900611689297
PS 20:1_18:1,-0.26286484052809245
PS 20:4_18:1,-1.188163557606606
PS 22:6_18:1,-1.0151597708421283
PS 22:6_20:1,0.018391224880463346
PS 22:6_20:4,-1.4481870467154976
LPS 22:6_0:0,-0.0977842445214023
PS 22:6_22:6,-1.4152727374057084
None,0.2614371245155198
None,0.2817557435656144
