Metabolite,C3L-00365,C3L-00674,C3L-00677,C3L-01043,C3L-01045,C3L-01048,C3L-01049,C3L-01149,C3L-01157,C3L-01839,C3L-01887,C3L-02041,C3L-02465,C3L-02504,C3L-02542,C3L-02642,C3L-02704,C3L-02705,C3L-02707,C3L-02708,C3L-02900,C3L-02970,C3L-02984,C3L-03266,C3L-03407,C3L-03681,C3L-03727,C3L-03728,C3L-03748,C3L-03968,C3L-04084,C3N-00661,C3N-00662,C3N-00663,C3N-00665,C3N-01192,C3N-01196,C3N-01334,C3N-01364,C3N-01368,C3N-01369,C3N-01370,C3N-01505,C3N-01515,C3N-01517,C3N-01518,C3N-01798,C3N-01814,C3N-01815,C3N-01816,C3N-01817,C3N-01818,C3N-01850,C3N-01852,C3N-01856,C3N-02181,C3N-02183,C3N-02185,C3N-02186,C3N-02188,C3N-02190,C3N-02255,C3N-02256,C3N-02769,C3N-02770,C3N-02782,C3N-02783,C3N-02784,C3N-02785,C3N-02786,C3N-02788,C3N-03070,C3N-03088,C3N-03180,C3N-03182,C3N-03183,C3N-03184,C3N-03186,C3N-03187,C3N-03188,PT-NPJ7,PT-P44H,PT-Q2AG,PT-R55F,PT-RN5K,PT-UTHO,PT-WVLH
2-hydroxybutyric acid,21.352,21.501,23.076,21.575,20.778,21.326,21.201,20.901,22.588,21.669,21.355,21.983,22.114,21.223,21.254,21.309,20.911,21.783,21.149,21.252,22.607,22.948,21.942,21.797,22.570,22.148,21.336,22.109,21.822,20.640,20.265,22.238,20.712,22.078,21.499,22.409,21.789,21.929,20.966,21.863,21.782,21.484,21.614,22.372,21.226,22.354,22.182,20.248,21.201,20.997,21.585,20.359,21.488,22.388,21.761,22.058,21.854,21.956,22.160,20.648,22.007,21.210,22.577,22.585,22.113,21.644,21.671,21.201,22.525,22.567,21.628,21.709,21.413,21.677,21.985,21.197,21.201,21.121,22.012,21.209,20.250,21.884,20.551,22.063,21.340,21.666,20.804
2-hydroxyglutaric acid,22.067,20.905,21.050,20.932,20.812,21.541,20.536,20.265,22.696,21.280,20.943,26.080,21.232,20.871,22.201,20.964,20.625,20.067,20.769,26.907,26.636,22.786,26.576,21.301,21.349,22.186,20.603,20.652,21.131,21.572,21.152,20.751,21.365,25.965,21.875,21.040,21.611,21.117,20.710,21.143,22.062,21.384,21.383,21.946,20.501,20.946,21.170,21.301,22.207,21.772,21.444,22.268,21.772,21.499,21.312,21.907,21.194,21.318,20.977,21.217,20.858,21.662,21.387,21.326,21.204,21.563,21.446,21.207,20.978,21.965,21.409,25.827,20.935,22.136,21.386,21.206,21.729,21.485,21.629,21.423,21.083,21.385,21.221,20.114,20.559,20.952,21.014
3-hydroxybutyric acid,22.042,21.558,23.770,21.828,23.079,21.291,21.820,21.749,21.914,21.309,22.086,21.748,21.390,21.103,23.850,20.296,21.668,21.606,21.794,22.017,23.064,22.058,19.556,21.210,22.291,20.954,23.296,23.302,22.554,22.768,21.665,21.464,20.895,21.269,23.153,21.916,20.942,22.292,21.430,22.060,22.465,23.019,21.583,21.410,21.398,22.300,22.316,21.998,21.163,21.997,21.874,20.254,20.415,21.550,21.860,21.754,20.836,21.318,21.912,20.477,21.480,23.811,21.343,23.095,22.203,23.094,21.186,22.043,21.173,21.570,21.966,21.109,22.427,23.146,22.990,21.722,20.971,23.512,21.851,20.834,23.411,20.666,20.978,21.696,21.773,23.147,21.985
3-phosphoglycerate,21.856,21.841,21.054,22.358,21.704,22.008,20.711,18.734,21.201,20.661,21.178,21.620,21.211,20.596,20.468,19.691,20.729,21.514,21.516,22.297,21.543,20.777,21.300,21.193,20.287,20.769,20.950,20.387,21.404,21.246,21.397,21.413,20.817,21.972,21.448,21.897,20.759,21.017,21.043,20.907,21.169,21.456,22.572,21.207,21.061,20.516,21.201,20.791,19.077,20.810,19.797,19.132,20.962,21.547,20.337,20.793,20.577,20.711,21.429,20.972,21.405,21.193,21.883,20.883,21.016,21.499,21.342,20.722,21.322,21.241,20.769,21.231,20.684,21.269,20.475,21.449,21.002,20.723,20.429,21.341,21.113,20.463,19.341,20.034,20.878,21.132,20.750
adenine,18.907,17.162,NA,18.211,NA,NA,NA,NA,NA,NA,NA,17.901,NA,NA,NA,NA,19.634,NA,NA,NA,NA,NA,NA,NA,NA,18.881,NA,17.288,17.353,NA,17.874,NA,16.778,NA,NA,NA,20.104,19.164,16.525,20.640,NA,NA,NA,NA,NA,18.200,NA,NA,NA,NA,NA,NA,NA,NA,NA,18.299,NA,17.698,NA,19.117,NA,NA,NA,NA,NA,NA,NA,NA,NA,NA,NA,NA,18.711,NA,NA,NA,19.925,NA,NA,NA,NA,NA,NA,NA,NA,NA,NA
aminomalonic acid (spectralmatch),22.512,21.971,20.806,23.176,22.220,23.112,22.620,22.777,23.610,22.223,21.212,22.051,21.956,21.987,22.419,21.372,23.495,21.369,22.339,21.193,22.418,20.704,17.814,21.523,20.322,20.439,21.603,22.033,22.877,22.105,23.326,21.789,22.483,21.124,23.123,22.010,23.487,22.450,22.147,22.662,21.135,18.061,22.376,22.406,23.279,23.185,22.296,21.957,23.320,22.048,22.487,20.960,20.794,21.960,21.198,22.260,22.401,22.605,21.784,23.464,22.768,22.671,22.356,21.138,22.076,22.173,20.120,22.386,22.903,21.973,23.013,23.107,21.339,22.669,22.132,21.658,22.466,22.369,22.616,21.311,21.767,20.911,21.563,21.492,20.074,22.266,22.209
campesterol,15.391,19.808,19.627,18.499,18.682,15.362,17.642,19.466,NA,16.711,16.722,17.700,NA,14.532,17.616,19.795,18.321,18.725,17.604,16.146,17.769,18.829,NA,19.102,14.968,17.299,18.199,19.728,18.540,17.894,18.600,19.718,20.188,17.955,20.173,20.498,19.456,19.312,18.918,18.740,21.801,19.527,19.228,19.771,18.397,18.559,19.067,18.290,20.413,18.225,18.867,NA,15.829,19.869,19.244,19.167,21.209,16.889,18.880,18.798,18.505,20.516,NA,18.684,18.743,18.142,18.773,19.766,20.879,19.281,20.065,18.962,20.987,20.851,18.741,17.994,17.823,17.993,20.707,18.562,17.088,18.256,16.193,18.555,17.886,17.442,18.473
capricacid,17.110,NA,18.111,21.997,19.448,19.752,19.494,19.568,21.538,18.283,18.058,17.914,16.364,17.968,17.503,16.524,20.203,17.573,18.393,18.202,17.822,20.955,18.125,16.925,15.604,22.198,18.116,16.937,17.995,NA,20.106,18.361,17.755,18.715,18.031,19.548,18.213,18.449,20.938,18.129,13.413,19.977,18.910,19.237,17.707,16.379,17.577,17.964,18.579,16.903,17.709,17.241,16.311,18.571,18.679,19.854,17.351,18.860,20.636,21.814,20.827,17.676,18.691,20.436,19.048,21.264,21.217,18.642,16.853,21.296,17.263,17.040,17.950,22.367,21.472,20.978,19.682,19.773,22.298,20.817,22.807,17.502,21.211,18.568,18.241,17.913,19.271
cholesterol (spectral match),25.022,26.163,25.408,25.457,26.284,25.629,25.554,25.265,26.229,26.812,26.145,24.671,24.986,24.885,25.572,25.109,24.938,25.744,25.573,25.446,24.996,26.537,26.505,25.771,25.182,23.336,25.376,25.460,25.013,26.095,25.158,25.725,25.389,25.637,25.399,26.010,25.037,24.897,25.363,24.910,27.329,26.229,26.064,25.854,25.075,25.398,25.286,25.163,26.864,25.103,25.953,26.129,25.985,25.762,26.018,25.962,25.971,25.607,25.853,24.993,25.777,25.616,25.775,25.652,25.661,25.441,25.250,24.956,25.554,25.757,25.858,25.232,24.446,27.397,25.676,24.854,25.062,26.546,26.011,26.186,26.234,26.016,26.144,26.283,25.893,26.277,26.594
citricacid,21.563,21.053,20.074,21.165,19.190,19.652,21.520,20.636,21.260,20.735,21.050,21.902,21.174,21.471,22.187,21.201,21.444,21.335,21.819,21.082,21.363,21.874,21.971,20.668,22.418,21.059,21.285,21.751,21.824,21.952,21.733,21.338,21.977,22.169,21.477,22.266,21.708,20.943,21.174,20.819,21.695,21.051,21.326,21.990,21.651,21.568,21.140,21.360,22.267,21.404,21.287,20.789,20.513,21.479,21.915,22.034,21.878,21.313,21.745,21.724,21.778,21.379,21.721,21.510,21.042,21.641,21.554,21.345,21.448,21.685,21.201,21.605,21.327,22.017,20.103,21.531,21.189,21.112,21.169,21.194,20.465,18.536,19.917,19.174,18.064,19.509,19.293
creatinine,20.382,20.836,21.859,20.455,20.842,21.893,21.025,22.430,22.271,23.223,22.191,21.031,21.571,19.767,22.453,21.952,20.511,20.788,22.046,20.264,21.909,20.716,22.630,21.109,19.568,20.165,21.268,20.704,20.979,20.101,21.502,19.315,22.017,21.139,19.499,19.143,18.822,21.656,21.493,20.778,18.974,22.873,18.799,20.984,20.470,20.361,21.870,21.368,21.202,21.557,22.858,21.329,22.360,21.388,20.334,19.595,21.370,22.283,21.639,21.080,20.975,21.880,23.342,20.226,21.927,20.725,20.664,21.844,21.894,20.349,22.111,21.368,21.971,21.673,21.025,20.585,20.931,20.996,23.053,22.516,22.944,22.801,22.806,22.964,22.805,22.759,23.473
D (+) galactose,22.399,23.055,19.107,18.590,17.377,17.990,20.424,16.601,18.983,21.248,19.535,21.017,20.922,21.159,17.521,18.259,22.714,23.261,21.240,22.316,20.095,19.163,21.383,21.314,23.503,22.232,26.155,20.182,21.285,21.268,19.263,18.855,16.993,20.930,21.743,18.541,18.960,21.604,20.304,22.361,19.882,20.215,22.301,21.201,19.321,19.939,18.337,19.298,19.855,16.360,17.954,18.407,20.179,20.708,19.708,18.855,16.937,16.845,20.091,19.914,18.361,22.067,19.927,19.996,25.488,21.527,21.555,18.842,21.098,18.518,21.297,22.316,18.360,18.277,25.274,20.252,18.543,18.341,17.747,18.463,21.259,19.847,19.094,18.762,19.324,17.980,19.219
dehydroascorbic acid,NA,20.911,NA,NA,21.089,21.045,NA,NA,21.574,NA,NA,NA,NA,NA,NA,NA,NA,NA,NA,NA,NA,NA,NA,NA,21.336,NA,NA,NA,NA,NA,NA,NA,NA,NA,NA,19.598,NA,NA,20.989,NA,19.080,NA,NA,NA,NA,NA,NA,NA,NA,NA,NA,NA,NA,NA,NA,22.222,NA,NA,NA,NA,NA,NA,NA,NA,NA,NA,NA,NA,NA,19.918,NA,20.941,NA,NA,NA,NA,22.409,NA,NA,NA,NA,NA,NA,NA,NA,21.403,NA
D-fructose-6-phosphate,21.878,19.973,19.835,20.690,21.852,19.862,20.919,14.836,22.302,20.212,20.121,21.955,21.997,21.988,19.441,22.087,22.749,20.237,22.141,19.992,23.742,23.397,22.166,21.343,21.256,22.745,20.783,21.201,20.881,19.465,21.235,20.091,20.039,20.836,20.141,20.618,21.775,20.587,17.930,22.891,19.012,18.611,19.835,19.785,19.898,20.917,20.937,21.201,22.660,20.023,18.039,20.623,20.500,19.793,20.445,21.175,19.639,19.801,21.668,22.034,20.486,21.953,21.081,20.151,19.614,22.174,21.843,22.050,19.167,21.292,22.612,19.509,20.875,19.619,19.060,20.935,22.845,19.792,17.921,20.801,19.587,20.572,16.272,19.601,21.039,18.159,18.947
D-gluconic acid,16.239,17.088,22.534,16.753,17.806,23.406,22.788,23.327,17.242,19.867,23.114,23.211,22.165,22.878,23.897,22.227,22.941,22.735,20.360,23.269,21.215,23.674,23.178,22.431,22.212,20.828,22.450,23.901,16.911,23.061,22.766,23.729,19.853,23.188,20.199,17.756,21.927,16.879,22.804,19.938,19.943,15.735,20.707,15.877,19.949,22.898,22.739,22.769,23.390,23.409,17.766,24.571,23.047,23.495,20.237,23.754,22.677,22.923,19.774,22.615,22.964,23.066,21.791,23.469,16.216,22.999,15.986,22.055,15.729,23.343,17.224,21.528,23.030,20.463,23.335,23.274,22.561,23.822,22.857,23.128,21.423,21.187,24.139,18.497,21.819,18.711,17.970
D-glucose,25.629,26.061,21.394,23.778,23.008,22.353,24.531,19.285,22.515,24.683,23.171,24.270,24.311,24.571,22.003,21.778,25.558,25.992,24.726,25.759,23.846,22.958,24.771,24.498,25.855,25.146,21.211,23.338,24.484,24.690,22.691,22.291,21.448,24.407,25.100,22.461,22.672,24.828,23.830,25.341,23.683,23.844,25.636,24.587,22.952,23.285,21.960,21.979,23.488,20.223,21.183,22.239,23.242,23.815,23.336,22.487,21.065,20.869,23.526,23.440,21.866,25.402,23.471,23.309,20.821,24.676,24.771,22.502,24.264,22.494,24.491,25.708,20.288,22.534,20.136,23.851,22.958,21.332,20.146,22.511,20.224,22.026,18.266,18.387,23.247,18.008,19.502
D-glucose-6-phosphate,22.584,19.212,18.672,21.128,22.674,19.735,21.833,16.431,23.067,20.536,19.521,22.697,22.862,22.039,19.835,22.670,23.340,20.041,22.429,19.038,24.025,23.846,22.632,21.646,21.721,23.508,21.051,21.601,21.075,19.304,21.709,19.830,19.597,21.326,20.209,20.119,22.647,20.740,17.088,23.488,19.101,18.237,18.795,16.939,19.985,21.878,20.850,21.543,23.354,19.276,17.718,21.049,21.346,19.410,20.079,21.917,19.673,20.046,22.075,22.891,20.470,22.417,20.916,19.589,19.683,22.627,22.490,22.936,19.161,21.462,23.455,19.839,21.263,18.304,17.604,20.618,23.513,19.790,16.812,20.787,20.366,20.749,14.206,19.234,21.201,18.001,18.656
DL-2-Aminoadipic acid (spectral match),22.717,22.783,24.737,24.260,22.862,23.904,24.080,21.386,23.053,21.655,22.463,22.724,22.940,23.278,19.580,22.140,23.317,22.235,22.544,23.529,21.450,21.867,20.835,21.938,22.338,21.201,22.335,23.553,21.718,21.138,23.448,23.742,22.350,22.821,23.460,23.324,24.762,24.122,23.060,22.199,20.007,18.506,23.564,23.625,22.546,25.379,21.040,23.183,24.272,24.809,21.075,22.811,18.172,22.982,22.896,24.912,21.936,22.924,23.013,24.155,23.842,22.326,24.312,22.162,22.097,23.249,22.301,22.477,22.685,22.240,23.128,22.749,21.245,20.963,22.668,23.650,22.686,23.054,21.071,21.969,18.608,21.121,17.800,22.877,21.777,18.230,22.651
DL-3-aminoisobutyric acid  (spectral match),21.657,17.684,20.047,18.773,17.597,22.483,18.111,22.300,19.959,20.733,19.971,19.005,19.133,17.846,17.683,18.005,19.185,18.072,20.492,19.189,19.479,19.210,16.191,18.286,17.535,19.041,19.797,17.406,17.724,17.495,20.655,20.798,21.013,16.437,21.104,18.181,20.546,22.134,19.877,22.471,17.764,16.625,16.672,17.586,21.249,21.594,21.208,22.300,18.714,20.732,17.611,18.740,17.669,20.870,17.090,22.150,16.506,21.193,17.772,21.262,19.481,19.811,21.177,17.433,19.205,19.837,17.133,19.755,19.689,17.316,18.393,19.378,18.356,17.867,18.748,17.828,20.674,21.765,18.190,18.885,19.563,16.486,17.557,16.698,17.845,17.842,19.115
DL-isoleucine,22.056,21.824,23.470,22.892,23.409,20.739,19.195,22.470,23.535,22.278,21.723,22.694,22.636,22.385,13.313,21.748,22.065,21.588,21.445,21.270,23.180,22.570,22.052,21.543,21.042,21.556,22.730,22.310,22.378,20.077,22.097,21.995,22.777,23.250,22.620,22.011,22.850,22.726,22.476,22.745,17.877,21.813,22.782,18.224,22.787,22.438,22.706,21.835,20.904,22.901,21.913,21.788,21.379,22.708,23.212,22.049,22.046,22.466,22.773,22.592,22.993,21.711,22.317,21.119,22.681,22.557,21.023,22.645,22.648,22.316,22.669,21.314,22.841,21.966,23.443,20.181,23.154,22.987,22.461,22.190,24.030,22.125,23.559,23.757,24.060,24.199,24.403
D-malic acid,22.181,22.302,22.689,22.359,22.812,22.471,22.906,22.917,23.256,22.707,22.355,22.358,22.598,22.086,22.975,22.850,22.450,21.538,23.302,21.669,22.861,23.181,22.294,22.233,22.055,22.417,22.271,22.212,22.438,22.569,22.640,22.241,22.644,22.169,22.406,23.652,22.233,21.980,21.985,22.590,21.559,22.361,22.523,22.540,22.719,22.604,22.815,22.179,22.969,22.488,22.609,22.033,22.478,22.942,22.410,22.013,22.192,21.708,22.221,22.679,22.107,22.245,22.852,21.588,22.632,22.767,22.049,22.707,22.580,22.773,22.482,22.193,22.280,21.960,21.697,22.944,22.814,22.815,22.508,22.620,22.862,21.764,22.704,22.835,21.733,22.634,22.857
D-mannitol,23.867,23.766,23.931,17.796,17.539,16.502,18.681,20.555,18.510,23.377,23.506,22.934,22.380,23.986,24.297,22.835,23.170,23.464,23.151,23.806,18.150,22.697,18.441,23.487,20.919,22.506,23.834,23.329,23.586,23.714,23.243,23.724,24.396,23.947,23.777,18.544,19.857,22.613,23.510,22.615,24.567,22.655,17.453,23.501,23.366,23.731,23.330,23.438,24.735,23.598,23.746,22.236,22.610,24.007,24.100,24.926,23.389,23.808,23.082,23.454,23.782,18.225,17.907,23.976,23.697,21.191,23.656,17.331,21.008,20.427,23.487,19.594,23.114,19.207,24.183,23.442,17.034,24.617,23.768,23.386,19.588,19.295,17.724,20.450,20.993,19.379,19.399
D-mannose,19.942,20.456,18.220,18.277,19.719,19.198,19.870,17.808,19.575,17.581,18.690,18.548,18.832,18.530,19.991,16.938,19.610,21.821,20.383,21.354,19.769,18.185,19.008,19.226,21.074,21.000,18.552,19.404,19.795,19.757,17.118,17.435,19.899,19.309,18.519,18.304,17.545,19.946,19.607,20.669,18.909,19.337,19.382,18.983,18.457,18.468,19.673,17.373,18.634,17.927,19.256,NA,19.479,19.186,19.667,19.959,17.939,17.966,18.254,18.436,17.282,19.971,18.423,18.669,17.451,19.442,19.735,18.147,19.482,18.760,18.987,19.050,18.598,17.141,18.283,19.464,19.087,14.440,18.233,16.892,18.657,19.301,17.227,18.184,21.225,19.601,18.588
docosahexaenoic acid,NA,NA,NA,19.464,NA,NA,NA,19.691,NA,20.136,NA,18.820,NA,NA,NA,NA,NA,NA,NA,NA,NA,20.650,NA,NA,NA,18.467,NA,19.385,NA,NA,19.437,19.183,NA,NA,NA,NA,NA,NA,NA,NA,21.040,NA,NA,NA,NA,19.402,NA,NA,19.496,NA,NA,22.014,NA,NA,21.092,NA,NA,19.682,NA,NA,NA,NA,NA,NA,NA,NA,NA,NA,NA,NA,NA,NA,NA,20.289,NA,NA,NA,21.173,NA,NA,21.925,NA,22.554,22.191,21.461,22.074,NA
D-ribose-5-phosphate,21.162,18.555,18.637,20.336,17.662,20.083,20.831,17.347,21.053,19.663,19.471,19.982,19.019,18.991,17.122,19.274,19.382,19.016,19.277,20.284,21.056,19.089,19.926,18.299,21.204,20.490,20.511,19.951,20.723,19.479,20.235,19.409,18.719,19.800,20.876,20.854,20.122,20.230,19.690,19.422,19.776,18.547,20.363,19.592,19.666,20.769,19.824,17.992,20.763,17.220,20.194,NA,20.650,19.547,13.840,20.342,20.145,20.093,17.986,20.277,19.621,19.336,19.395,19.690,18.102,19.697,19.031,20.130,19.998,20.719,19.459,19.995,20.354,20.219,21.187,19.563,20.788,19.608,19.565,19.265,19.197,17.907,14.765,18.635,15.488,20.375,18.811
D-ribulose-5-phosphate,22.089,20.131,17.781,20.662,15.218,19.585,21.398,18.084,20.291,19.309,18.601,21.151,18.484,18.387,17.536,20.387,20.195,17.522,17.845,18.201,21.210,20.049,21.089,18.846,20.941,20.036,17.245,20.341,20.793,20.581,21.413,18.403,17.935,19.752,21.297,20.127,21.010,19.356,20.149,17.446,19.800,17.686,19.710,18.372,17.516,19.921,18.434,17.522,19.923,17.105,19.169,NA,20.615,19.535,NA,19.102,20.464,19.377,18.542,20.195,17.482,17.263,18.977,17.930,18.480,16.994,18.384,19.205,19.793,16.583,18.184,20.293,20.065,19.947,15.136,16.659,20.536,18.054,18.414,11.892,NA,14.589,NA,16.089,15.543,18.007,16.558
D-sorbitol,21.276,25.287,24.749,19.992,18.439,19.349,20.719,21.805,20.045,20.718,25.436,20.142,21.355,25.526,25.869,24.880,21.481,25.037,21.845,22.065,19.330,21.225,19.715,25.023,25.103,22.542,25.435,19.642,24.847,24.882,19.478,21.577,26.014,25.595,23.902,19.613,21.947,22.067,22.095,23.958,26.333,19.970,19.124,25.182,25.115,23.025,25.107,23.634,22.166,25.627,25.488,22.950,24.552,20.341,26.004,23.054,25.304,25.446,24.750,21.755,25.557,18.489,19.302,25.919,25.363,25.698,24.825,24.975,25.861,20.893,22.677,20.011,21.743,20.206,26.224,22.102,21.694,22.856,25.657,22.276,21.093,20.247,19.448,21.294,20.288,20.050,19.769
fructose,20.068,21.008,19.105,19.737,22.119,20.063,20.285,19.365,20.747,21.676,20.442,19.737,20.444,19.420,20.325,19.149,21.825,20.593,21.244,19.325,20.427,20.936,21.729,20.162,21.623,22.276,19.295,20.602,19.824,19.463,20.803,19.562,20.335,20.041,20.691,21.074,19.666,21.201,19.315,21.765,19.411,22.309,20.589,20.737,20.573,19.603,19.490,19.135,20.968,19.570,20.448,NA,21.668,20.496,20.619,19.229,18.628,19.470,20.712,19.479,19.315,21.903,20.909,19.461,20.503,21.146,21.460,19.519,19.279,20.046,21.469,19.448,19.369,19.669,18.573,19.840,21.409,19.529,19.990,20.593,24.064,24.200,20.947,22.020,23.425,21.732,21.348
fumaric acid,22.757,21.968,22.554,21.925,20.662,20.002,22.309,20.382,19.187,22.326,22.106,21.484,18.156,22.213,19.952,21.870,20.357,20.737,22.314,22.313,21.739,22.246,21.485,21.264,20.559,18.241,19.684,18.030,21.818,21.673,18.709,22.551,21.911,21.450,22.305,22.478,21.669,21.043,18.909,18.692,22.320,21.672,22.266,22.270,22.089,21.913,21.518,21.845,22.146,21.469,21.659,21.096,21.581,22.894,21.823,22.326,18.650,21.408,21.503,21.444,18.689,21.975,21.881,21.979,22.120,22.692,21.866,21.473,22.548,22.523,19.968,22.063,20.895,23.171,22.718,22.207,21.984,22.187,21.340,21.456,20.944,21.651,21.651,20.665,20.534,21.532,21.161
galactitol,26.114,23.717,26.279,17.785,19.424,17.396,18.048,18.835,20.442,21.015,21.235,22.878,22.762,26.272,26.366,25.190,23.387,23.466,20.618,25.822,18.547,20.510,21.051,25.716,23.200,21.168,25.911,22.910,23.099,23.538,22.937,19.143,26.473,26.324,23.953,19.860,19.770,19.279,23.769,21.055,22.850,21.090,19.505,20.157,25.653,23.283,23.272,25.833,24.819,25.945,24.394,24.474,20.082,26.076,25.979,27.075,17.975,25.951,25.467,25.694,25.931,18.574,17.830,26.262,23.400,26.165,25.793,21.802,26.395,18.289,21.010,19.428,25.061,18.580,26.559,23.527,19.597,26.894,25.899,19.910,23.762,22.287,22.013,19.923,20.372,22.189,19.662
glyceric acid,18.197,19.183,19.140,19.350,20.601,19.479,18.353,18.785,19.064,18.407,18.604,17.666,19.013,18.939,18.950,17.421,18.133,18.823,18.850,19.025,19.571,19.337,20.486,18.744,17.898,18.782,19.195,17.935,18.593,18.326,18.009,19.018,18.936,19.123,17.989,19.865,17.599,18.507,18.958,18.950,18.912,19.500,18.924,19.670,19.008,18.685,18.121,18.366,18.291,18.927,18.439,17.606,19.086,19.216,20.098,18.772,18.252,17.999,19.217,17.944,19.329,18.753,19.440,18.743,18.977,19.354,18.777,17.405,18.675,18.874,19.112,18.673,18.664,18.270,19.264,19.386,18.248,18.815,18.912,19.897,20.591,20.089,19.654,19.837,20.811,20.168,20.312
glycerol 3-phosphate,23.804,24.092,24.104,24.073,23.071,23.499,24.268,23.729,25.200,25.145,24.552,24.850,24.429,24.622,24.645,24.267,24.420,24.464,25.078,26.244,26.108,24.718,26.301,23.736,24.362,23.966,23.923,24.247,23.262,24.537,24.213,23.380,25.236,25.096,23.508,23.961,24.381,24.577,23.680,24.243,24.049,25.576,23.985,24.229,23.268,24.525,24.557,23.830,24.662,24.621,25.357,24.637,25.800,23.713,22.662,24.990,24.576,24.017,24.965,24.394,23.794,25.406,25.455,23.808,24.268,23.941,24.552,24.573,24.406,26.283,25.445,24.184,24.626,25.283,24.718,24.346,24.331,23.725,25.158,25.794,24.138,23.804,24.159,24.946,24.855,25.487,25.314
glycine,26.120,25.807,25.420,26.510,26.219,26.665,25.769,26.321,26.364,25.835,25.332,25.521,25.064,26.280,26.651,24.663,26.556,24.922,26.338,25.351,26.176,26.208,24.427,25.163,25.336,25.052,25.740,25.716,26.615,26.010,26.589,25.561,26.313,25.152,26.945,26.697,26.792,26.112,26.434,26.085,25.203,24.158,26.473,26.395,26.654,26.694,25.852,25.791,27.228,26.263,25.566,25.679,24.723,25.404,25.886,26.545,26.050,26.428,25.733,26.750,26.438,26.258,26.349,25.425,25.766,25.820,25.058,26.017,26.458,25.807,26.387,26.472,25.339,26.217,25.710,25.717,25.839,26.325,26.103,25.750,25.819,24.530,25.380,25.368,24.987,25.763,25.756
glycolic acid,17.674,18.111,18.599,17.666,17.923,18.147,17.794,17.618,19.764,17.578,18.536,17.347,18.487,16.988,18.312,17.910,18.094,18.276,17.946,18.387,18.953,17.420,19.068,18.390,17.648,16.888,18.014,17.342,17.314,17.921,16.490,18.040,18.225,18.442,17.704,19.781,17.231,17.659,17.835,17.867,18.402,17.863,18.438,17.951,18.676,17.863,17.363,18.026,18.511,18.520,18.841,19.589,18.356,18.773,18.397,19.139,17.387,17.719,18.448,17.609,18.373,18.156,18.397,17.956,18.335,18.100,17.873,17.901,17.909,18.086,18.505,17.659,18.656,18.207,18.535,17.961,18.685,17.454,18.227,17.651,19.406,18.454,17.803,18.075,18.008,17.954,18.402
heptadecanoic acid,19.561,21.201,20.117,20.998,22.803,22.013,20.851,21.015,20.568,20.884,20.356,16.161,19.852,19.394,20.128,19.881,19.757,20.431,19.832,20.108,12.122,19.936,20.562,20.325,19.437,19.457,20.182,19.133,19.550,21.029,20.081,19.759,19.443,19.874,19.331,20.320,19.735,19.631,20.250,19.662,21.758,21.614,19.807,20.229,19.736,20.069,19.636,19.627,21.136,19.813,21.201,19.591,20.802,20.066,21.734,20.859,20.520,20.446,21.121,19.348,20.646,19.797,20.294,19.652,20.347,19.838,19.548,19.457,20.205,19.818,20.423,20.274,20.673,21.899,NA,20.657,19.727,20.818,20.684,20.245,21.389,21.319,21.771,22.001,21.347,21.596,22.065
homocysteine,20.250,19.371,21.024,21.201,18.139,18.959,14.067,18.596,20.616,18.812,20.971,17.723,19.474,20.995,18.140,21.971,18.151,20.016,22.439,15.543,21.708,20.062,21.203,20.691,18.560,18.684,19.018,16.736,18.533,17.204,18.653,21.244,20.624,19.292,17.635,21.217,18.516,20.367,18.825,22.031,17.050,20.845,19.985,18.949,21.683,16.974,20.198,20.820,18.289,18.125,19.771,21.861,20.250,19.812,18.588,20.439,19.915,19.862,21.507,19.943,21.671,20.995,21.855,18.580,18.889,18.209,18.343,17.523,18.624,16.437,21.945,19.023,21.273,19.186,16.926,18.277,21.296,20.070,18.207,20.366,20.103,20.968,20.378,19.850,19.689,20.432,21.387
hypotaurine,25.375,23.752,21.994,25.603,21.282,23.305,23.657,24.597,20.569,23.681,24.002,23.533,23.220,23.850,24.001,23.853,25.027,23.432,22.900,22.067,24.477,24.418,21.683,23.903,25.020,22.292,25.077,24.578,24.268,23.059,23.926,23.611,24.389,22.933,23.536,24.376,23.821,23.932,23.407,25.464,23.982,21.204,24.001,24.542,23.758,24.832,24.224,22.433,23.964,23.321,22.791,22.220,21.358,23.028,22.717,19.905,24.823,23.883,23.696,25.178,22.580,22.306,23.557,24.252,23.918,23.804,24.366,24.404,24.868,22.788,24.114,22.504,25.102,24.935,23.819,24.097,25.875,22.433,23.475,24.205,19.054,18.684,19.735,18.940,18.356,20.620,19.830
L-2-aminoadipic acid,18.072,16.292,19.648,20.802,18.392,17.729,16.926,16.192,18.760,16.862,18.608,20.776,17.464,17.244,21.043,16.196,16.923,17.202,20.169,17.884,19.608,14.449,17.374,16.776,16.698,16.787,18.740,19.319,18.420,18.665,20.733,17.002,21.378,16.061,20.009,18.022,22.968,22.208,17.435,20.013,16.124,17.241,16.643,16.841,20.188,20.889,20.508,18.417,15.041,19.299,18.523,21.179,17.805,16.246,16.648,19.278,16.141,19.413,18.544,21.808,20.802,19.065,21.355,15.461,17.029,18.977,15.702,19.266,18.779,17.302,17.044,16.750,18.447,17.406,16.890,20.423,21.165,19.723,17.843,21.445,17.927,18.346,17.681,18.531,17.856,16.619,17.887
lactic acid,25.260,25.547,25.616,25.502,26.003,25.838,25.587,25.205,25.931,26.143,25.266,24.843,24.731,25.384,25.912,24.639,25.068,25.005,25.359,25.258,25.327,26.544,25.238,25.201,24.262,25.261,25.281,24.978,25.367,25.428,25.028,25.777,25.364,25.933,25.139,25.400,25.238,24.929,25.542,25.064,25.760,25.360,25.619,25.630,25.155,25.504,25.109,25.049,26.444,25.458,25.399,26.736,24.342,25.883,26.138,26.303,25.204,25.501,25.269,25.303,25.223,25.664,25.601,25.599,25.475,24.944,24.616,25.136,25.483,25.813,25.734,25.284,25.475,25.973,25.709,25.609,25.141,26.432,25.364,25.572,25.735,25.473,25.597,26.065,25.731,25.779,26.258
L-alanine,25.111,25.071,25.639,25.458,25.245,25.096,25.447,26.211,25.905,25.088,24.878,25.255,25.297,25.580,25.415,24.615,25.347,24.536,25.190,25.013,24.575,25.030,20.364,24.547,24.529,25.381,25.723,24.848,25.537,24.929,25.010,25.771,25.846,25.502,25.217,25.692,25.803,24.877,25.528,25.199,24.601,22.527,25.733,25.256,25.242,25.309,25.058,24.575,26.100,25.296,24.421,25.739,23.048,25.576,25.351,25.846,25.096,25.486,24.932,25.946,25.228,25.078,25.311,24.115,25.080,25.447,25.458,25.090,25.679,25.284,25.204,25.150,25.056,25.095,25.697,25.509,25.595,25.812,24.588,25.699,25.465,23.679,25.154,25.167,25.091,24.978,25.380
L-aspartic acid,21.512,23.967,23.874,23.225,16.193,22.890,25.224,24.874,20.196,24.915,24.621,23.134,22.806,23.250,23.378,23.635,23.053,23.992,25.405,23.508,23.290,18.171,23.123,22.969,22.900,20.206,23.211,23.657,23.191,24.268,23.234,23.590,24.766,23.109,23.307,24.914,22.654,23.969,22.988,23.129,NA,24.799,23.936,23.552,24.292,24.205,24.695,23.265,16.314,23.862,24.907,23.219,24.980,23.566,12.397,15.987,23.496,23.249,23.899,24.135,23.850,24.428,24.928,23.329,24.193,24.223,23.721,23.718,24.180,24.215,24.123,23.618,23.750,23.786,24.606,25.158,23.534,23.858,24.397,25.288,24.422,24.606,25.794,26.093,25.562,26.373,26.269
L-cysteine,22.999,22.306,22.326,23.706,24.112,24.073,21.917,22.781,21.145,22.736,21.679,22.438,21.969,22.406,21.876,22.031,22.220,22.098,22.526,21.576,21.958,21.700,22.088,22.353,21.094,22.250,22.409,21.932,21.772,23.091,22.501,22.865,22.887,23.257,22.965,22.413,22.610,21.618,23.407,22.796,23.526,21.787,22.799,22.800,22.964,22.964,22.109,21.791,23.152,21.776,22.426,21.810,21.829,22.966,23.362,22.448,22.374,22.360,21.952,22.617,22.520,21.696,23.058,22.927,21.851,22.368,21.510,21.829,22.107,23.101,22.397,21.898,22.268,23.349,22.931,22.732,22.449,22.206,22.210,22.050,22.617,22.858,23.148,23.453,22.543,23.686,23.889
L-glutamic acid,23.690,24.066,23.736,24.128,24.581,24.317,24.476,24.360,25.558,24.667,24.970,23.983,23.657,23.888,25.644,23.784,23.549,23.886,24.720,23.347,23.349,23.501,23.788,22.994,23.434,23.290,24.183,24.190,24.001,24.440,24.736,23.692,24.977,23.304,24.663,25.026,24.661,24.142,24.080,24.100,23.441,25.052,24.550,24.650,24.348,23.986,24.753,23.913,24.682,23.709,24.896,24.960,25.196,24.044,23.626,24.276,24.206,24.120,24.122,24.633,24.014,24.685,24.969,23.190,24.410,24.775,23.730,24.150,24.578,24.116,24.326,23.874,24.820,24.136,23.991,24.075,24.809,24.541,24.870,25.194,24.166,24.416,25.574,25.821,25.033,25.469,25.890
L-glutamine,NA,NA,NA,NA,NA,NA,NA,NA,NA,NA,NA,NA,NA,NA,NA,NA,NA,NA,NA,NA,21.965,NA,NA,NA,NA,NA,NA,NA,NA,NA,NA,NA,21.799,NA,NA,NA,NA,21.173,NA,21.434,NA,NA,NA,NA,21.118,NA,21.728,NA,NA,NA,NA,NA,NA,NA,NA,NA,NA,NA,NA,NA,NA,NA,22.201,NA,NA,NA,NA,NA,NA,NA,NA,NA,21.303,NA,NA,NA,21.131,NA,NA,22.899,NA,NA,NA,23.224,NA,NA,NA
linoleic acid,20.077,20.063,20.261,20.833,21.357,20.620,19.907,19.840,20.510,21.080,19.527,18.704,19.328,20.554,19.468,19.563,19.451,20.138,19.338,20.465,17.431,20.082,20.516,19.229,18.988,18.849,19.600,19.273,19.507,20.533,19.768,20.844,20.364,19.519,20.062,20.321,20.012,19.189,19.673,19.701,22.012,19.937,19.946,19.611,20.788,19.842,19.654,19.477,20.104,20.321,20.029,21.875,19.618,20.178,23.058,20.603,20.199,19.649,19.062,19.433,20.338,20.767,19.401,19.417,19.976,20.364,19.242,19.391,19.964,20.628,20.160,21.152,20.892,21.070,21.023,18.837,19.993,21.275,19.481,20.067,21.807,21.389,20.589,21.171,20.406,20.547,20.916
L-leucine,23.157,23.527,24.232,24.120,24.805,23.744,23.382,23.595,23.942,23.411,22.797,23.555,23.631,23.456,23.128,22.635,23.100,23.189,22.662,23.188,24.077,23.892,22.210,22.782,22.996,21.991,23.546,23.379,23.294,23.057,22.753,23.851,23.847,24.285,23.537,23.768,23.821,23.314,23.991,23.247,23.418,22.876,24.145,22.895,23.589,23.937,23.281,23.334,24.426,23.902,22.964,23.358,24.093,23.922,24.239,24.268,23.585,23.782,23.098,24.105,23.894,23.197,23.523,22.883,23.688,23.642,23.218,23.639,23.737,23.858,23.847,23.750,23.546,23.661,24.525,22.896,23.604,24.220,23.227,23.565,25.767,25.123,24.742,24.874,24.766,24.553,25.069
L-lysine,23.582,23.530,22.614,24.270,23.840,23.688,23.409,24.201,23.871,23.590,22.537,23.351,22.293,22.858,22.696,22.494,23.159,22.847,21.933,22.392,22.608,22.918,20.759,22.148,22.958,23.652,22.443,23.436,23.313,23.448,23.593,22.872,23.164,23.601,23.718,23.050,24.147,22.864,23.574,23.399,23.992,22.090,23.689,23.075,23.127,24.172,22.395,22.852,24.163,23.295,23.019,20.463,21.385,22.782,23.875,23.362,23.584,23.777,22.765,23.824,23.348,21.984,22.871,22.693,23.601,22.489,23.292,23.769,23.696,23.550,22.951,23.315,23.843,24.167,23.613,22.056,23.646,22.266,23.068,22.264,24.687,22.531,23.460,24.228,24.025,24.749,24.327
L-methionine,20.988,19.928,19.024,21.724,22.103,21.284,20.893,20.521,21.304,21.566,18.304,21.464,21.211,19.066,21.255,15.394,16.789,16.564,20.218,19.654,21.807,20.456,19.803,20.145,20.685,19.517,21.374,21.443,21.415,20.800,20.681,21.337,22.025,22.008,21.017,20.376,21.871,21.600,21.792,20.569,19.780,18.563,21.947,21.627,18.309,19.602,20.881,18.362,20.689,19.634,20.364,21.315,20.577,21.708,22.406,19.786,20.120,21.533,20.929,19.227,18.912,19.490,22.240,19.290,21.679,19.811,18.853,21.413,21.823,20.231,19.514,20.491,21.219,19.847,19.990,20.075,19.872,21.484,20.426,20.817,22.813,22.158,22.430,23.153,23.008,23.096,23.290
L-mimosine,20.760,22.081,21.479,22.085,22.170,22.536,21.787,21.806,23.097,23.268,22.490,21.252,20.459,20.607,22.208,21.849,21.770,21.201,21.799,19.965,20.915,22.164,23.153,21.526,21.182,21.967,21.880,21.986,20.873,21.622,21.759,21.121,21.282,19.802,20.609,22.059,20.615,20.875,20.632,21.365,21.304,24.196,21.952,21.230,21.496,21.151,21.669,21.220,22.060,20.915,23.139,20.374,23.206,22.223,20.036,21.618,22.179,21.300,22.966,20.973,22.037,21.725,22.027,19.670,21.793,21.305,20.504,21.513,21.077,20.794,22.141,20.495,23.318,23.533,21.216,20.660,21.787,21.564,22.794,22.224,23.142,23.142,23.377,23.752,23.175,23.949,24.093
L-proline,26.107,23.045,23.878,24.358,23.809,23.543,23.183,24.478,24.061,23.325,23.852,23.996,24.860,24.316,21.140,23.170,23.411,23.096,22.799,23.357,24.289,25.118,20.858,23.355,21.181,23.159,24.619,23.337,24.040,23.849,23.405,24.727,24.468,24.125,23.095,21.011,25.335,23.725,24.162,23.537,18.679,21.469,23.911,20.096,24.661,24.513,24.559,23.573,23.813,24.247,22.877,24.045,20.448,24.335,23.489,23.287,23.783,24.057,23.312,24.530,23.924,23.496,24.317,23.363,23.564,24.495,23.247,23.673,24.298,23.870,23.675,22.818,23.900,24.664,24.212,24.065,24.815,24.160,23.011,24.253,24.421,22.638,23.646,24.405,23.822,24.422,24.699
L-pyroglutamic acid,26.251,25.878,26.117,26.033,25.872,26.326,25.737,25.724,25.382,26.234,26.089,25.545,25.694,25.612,26.753,25.202,25.730,25.461,25.838,25.874,25.969,26.143,25.734,25.343,25.621,25.359,25.911,25.654,25.639,25.613,25.643,25.958,26.175,25.694,26.009,26.412,25.862,25.631,25.876,25.845,26.162,25.903,26.134,26.466,25.715,25.864,25.715,25.860,26.718,26.042,25.720,27.043,26.169,26.320,25.864,26.015,26.020,25.845,25.871,25.964,25.980,26.054,25.958,25.727,25.803,26.110,26.064,25.572,25.873,25.850,25.750,25.862,26.079,26.298,25.606,25.584,25.970,25.943,25.962,26.159,26.198,25.639,25.999,26.119,25.674,26.132,26.333
L-serine,25.755,24.288,24.761,25.716,25.811,25.544,24.389,24.467,26.103,25.239,25.078,24.006,25.605,24.001,24.882,24.506,24.768,24.521,24.972,23.473,25.007,24.958,24.264,24.464,24.408,24.992,25.320,24.601,23.942,24.612,25.223,25.345,25.028,24.459,24.786,25.152,25.170,25.126,24.932,25.452,22.289,24.604,24.302,23.729,25.042,25.567,25.208,25.318,25.717,25.391,24.761,25.462,24.331,25.626,24.832,25.346,24.971,25.521,25.204,25.503,25.005,24.765,25.261,24.979,25.174,24.580,24.527,25.048,25.077,25.072,25.147,24.276,25.477,25.036,23.493,25.050,25.928,25.545,25.143,25.638,25.828,24.462,25.226,25.538,25.196,25.668,25.788
L-threonine,25.001,23.894,24.532,24.764,24.544,24.871,23.880,25.232,25.353,24.739,24.510,24.265,24.784,24.053,24.381,24.024,24.713,24.114,24.321,24.212,24.552,24.759,24.112,23.809,23.994,24.225,24.465,24.112,24.267,23.924,24.709,24.596,24.693,24.615,24.282,24.374,24.915,24.626,24.711,24.360,23.540,23.226,24.523,24.476,24.561,24.738,24.257,24.453,25.016,24.676,24.224,24.604,23.497,25.084,24.507,24.507,24.463,24.579,24.368,24.844,24.621,23.833,24.703,24.188,24.672,24.097,23.942,24.402,24.604,24.350,24.189,24.573,24.758,24.295,24.342,24.054,24.787,24.555,24.049,24.976,24.828,23.779,24.212,24.557,24.219,24.825,24.978
L-tyrosine,NA,NA,NA,19.812,NA,NA,NA,NA,NA,NA,NA,18.686,NA,NA,NA,NA,NA,NA,NA,NA,19.864,NA,NA,NA,NA,NA,NA,NA,NA,NA,18.549,NA,NA,NA,18.038,NA,21.165,NA,NA,NA,NA,NA,NA,NA,19.611,NA,19.914,NA,NA,NA,NA,NA,NA,NA,NA,NA,NA,17.436,NA,19.028,19.338,NA,19.525,NA,NA,NA,NA,NA,NA,NA,NA,NA,NA,19.350,NA,NA,20.368,22.330,NA,NA,NA,NA,NA,NA,NA,NA,NA
L-valine,23.779,24.267,24.722,24.640,24.781,24.177,24.190,24.458,24.751,24.248,23.965,24.113,23.979,24.425,23.801,23.745,23.929,23.853,23.650,24.161,24.854,24.130,23.675,23.512,22.579,23.242,24.045,23.792,24.177,23.546,23.858,24.459,24.436,24.897,24.530,23.688,24.678,23.983,24.372,23.829,24.011,22.441,24.696,23.792,24.234,24.466,24.121,23.689,24.799,24.454,23.632,24.414,22.445,24.245,24.961,24.817,24.067,24.299,23.862,24.622,24.214,23.973,24.267,23.922,24.468,24.184,23.749,24.007,24.424,24.303,24.384,24.663,23.916,24.243,24.822,23.872,24.507,24.323,24.014,24.449,24.693,22.807,24.434,24.822,24.677,24.773,25.106
maltose,20.804,22.601,20.846,21.671,22.278,22.450,21.087,19.639,20.936,20.556,20.470,21.101,21.767,21.307,21.146,19.225,20.401,20.940,20.726,20.245,21.360,21.287,20.544,22.277,21.201,20.442,20.175,21.251,20.967,20.363,21.582,20.700,21.223,22.693,20.845,22.278,21.319,20.679,21.125,20.965,21.981,20.161,21.668,21.207,23.017,20.224,21.626,21.658,22.744,21.186,21.513,20.956,21.017,21.883,21.319,21.604,21.431,21.002,21.520,21.732,21.201,20.252,20.986,22.123,21.705,22.057,21.885,21.117,21.922,21.380,21.932,22.631,20.700,22.099,21.087,21.194,20.770,22.289,21.653,21.333,19.102,21.047,18.083,16.613,20.160,17.885,17.831
myo-inositol,26.003,25.142,26.549,25.446,26.768,26.433,26.410,25.883,26.124,26.036,26.137,25.637,25.524,26.161,26.260,25.394,25.099,25.174,25.912,26.504,26.102,25.905,26.788,25.345,25.313,25.390,26.010,25.812,24.871,24.606,25.578,24.631,26.194,26.609,23.927,25.713,25.539,25.258,26.299,25.228,24.239,26.311,25.625,25.610,25.283,25.565,25.389,25.171,26.063,26.366,25.571,25.640,26.163,25.211,23.848,25.256,26.203,25.328,25.661,25.189,24.967,26.152,26.056,25.104,25.592,26.150,26.110,25.347,25.237,25.414,25.702,26.304,26.262,25.662,26.672,26.196,25.708,24.931,25.965,26.230,26.199,25.564,26.408,25.458,26.130,26.277,26.790
myristic acid,22.589,23.285,23.531,22.394,24.361,23.162,22.709,22.836,22.242,22.417,23.052,21.543,22.420,22.940,23.262,21.583,22.600,22.415,23.005,23.093,23.335,23.060,22.900,22.959,21.574,21.431,22.787,21.549,22.111,22.525,21.917,23.017,22.909,23.220,22.196,23.703,22.176,22.050,22.655,22.179,24.023,22.723,23.346,23.463,22.838,22.238,22.912,22.722,23.147,23.208,21.945,22.768,22.600,23.383,23.502,22.913,21.797,22.440,22.823,22.021,22.648,22.989,22.999,23.497,22.928,23.016,22.819,21.278,22.217,23.727,23.050,22.883,22.184,23.418,23.167,23.395,21.704,23.190,22.269,22.806,22.628,22.886,23.290,23.058,23.201,22.682,23.117
N-acetyl-L-aspartic acid,NA,NA,NA,NA,NA,NA,NA,NA,NA,18.328,20.365,NA,NA,NA,NA,NA,NA,NA,NA,NA,NA,NA,19.653,NA,NA,NA,NA,NA,NA,NA,NA,NA,NA,NA,NA,NA,NA,NA,NA,NA,NA,19.805,NA,NA,NA,NA,NA,NA,NA,NA,16.314,19.776,NA,NA,NA,NA,NA,NA,NA,NA,NA,19.366,NA,NA,NA,NA,NA,NA,NA,NA,NA,NA,19.866,19.331,NA,NA,NA,NA,NA,21.247,NA,20.240,22.634,19.769,NA,19.281,20.127
N-formylglycine,20.286,21.020,20.331,20.348,22.928,21.172,20.869,21.262,20.995,22.567,22.508,20.775,21.467,18.195,22.092,19.737,19.993,20.199,19.612,18.773,20.183,22.142,21.092,20.199,21.213,20.044,20.160,19.840,21.329,20.857,22.693,20.468,20.615,20.463,21.386,22.827,20.315,19.715,21.322,21.219,22.505,21.215,21.141,21.738,20.221,20.254,20.732,20.086,21.902,20.961,20.879,20.223,20.483,20.674,21.622,22.012,20.413,18.308,19.393,20.292,20.568,20.806,20.567,19.645,20.181,20.353,20.076,21.434,20.376,20.981,20.868,21.538,20.371,21.910,20.756,21.401,21.509,21.482,21.463,20.612,19.391,17.442,19.620,20.523,19.600,20.696,20.047
N-methylalanine,22.264,21.336,22.863,22.201,21.152,22.581,22.268,23.318,20.123,22.314,22.137,21.630,22.125,21.350,22.530,21.406,22.119,20.817,22.355,21.994,22.105,20.668,21.201,20.840,19.520,21.358,22.702,21.176,21.427,20.676,21.827,22.340,21.650,21.201,21.601,21.378,22.780,22.392,21.140,22.108,21.125,23.350,21.201,21.347,21.201,23.051,22.504,20.330,20.820,22.021,22.534,21.532,20.710,21.876,20.582,20.701,21.192,22.265,18.930,22.162,22.068,21.611,22.651,22.402,22.208,20.340,22.073,21.362,22.503,21.409,22.172,22.499,19.018,23.600,21.151,21.856,21.757,21.520,19.338,21.867,22.387,21.958,22.647,18.712,22.707,23.188,22.793
oleic acid,23.017,23.146,23.000,23.041,23.550,23.125,21.930,22.986,23.316,23.522,22.882,22.151,22.603,22.879,22.733,21.988,22.893,22.516,22.662,22.986,22.751,23.607,22.923,22.776,22.131,21.810,22.526,22.284,22.390,22.961,22.742,23.637,22.717,22.827,22.814,23.360,22.450,22.361,22.663,22.321,24.475,23.289,23.160,22.240,22.253,22.717,22.229,22.354,23.010,22.605,22.968,24.843,22.917,23.230,25.728,23.261,22.648,22.733,22.620,22.533,22.572,23.106,22.719,22.864,22.642,22.842,22.397,21.649,22.298,22.679,22.536,22.896,22.935,24.336,22.858,21.668,22.385,23.834,22.785,23.031,24.328,23.727,24.456,24.491,24.005,24.493,24.924
O-phosphocolamine,24.944,24.819,24.446,25.282,23.165,24.584,24.542,26.288,25.393,24.936,24.671,24.810,24.184,24.700,24.945,23.965,24.491,24.217,23.444,23.947,23.976,24.990,24.333,24.274,25.054,24.251,24.699,25.092,24.844,25.120,24.598,23.390,25.061,24.168,24.463,25.316,24.560,24.643,23.850,24.143,25.423,25.626,25.159,24.305,24.437,25.311,24.560,24.508,25.658,23.536,25.371,23.318,25.717,23.368,23.759,24.733,25.790,24.973,25.053,24.606,24.758,24.707,23.915,24.630,25.214,25.058,24.850,24.955,24.765,24.554,24.214,25.714,26.031,26.006,25.680,24.218,25.711,24.533,25.199,25.247,25.256,24.247,24.916,24.304,23.992,25.289,25.195
palatinitol  (spectral match),NA,13.469,13.359,NA,18.175,19.649,19.654,NA,15.619,NA,NA,NA,NA,NA,14.214,17.682,16.728,19.480,18.734,18.812,15.178,NA,16.078,NA,18.155,NA,19.325,NA,19.274,19.684,18.593,18.630,19.703,19.079,19.291,NA,NA,17.331,17.596,18.547,18.375,19.245,NA,NA,15.738,18.621,15.243,14.525,19.337,19.106,17.697,NA,NA,19.230,18.410,NA,17.600,18.059,16.363,16.151,17.504,NA,NA,16.735,19.133,19.324,17.979,16.617,18.169,11.635,17.499,15.603,15.099,16.233,17.544,16.594,NA,18.577,18.346,14.566,NA,NA,NA,18.312,14.340,19.195,NA
palmitic acid,24.301,24.675,24.598,24.462,25.573,24.639,23.974,24.531,24.333,24.431,24.269,23.161,23.614,24.059,24.116,23.392,24.253,23.809,24.210,24.457,24.462,24.925,24.377,24.034,23.311,23.143,24.191,23.045,23.743,24.124,23.980,25.002,24.104,24.393,23.923,24.979,23.627,23.580,24.003,23.495,25.503,24.394,24.710,24.395,24.051,24.103,23.968,24.014,24.530,24.273,24.111,25.778,24.251,24.747,26.609,24.760,23.829,24.140,24.141,23.772,24.160,24.280,24.136,24.677,24.203,24.234,23.990,23.121,23.934,24.660,24.457,24.276,24.214,25.275,24.541,24.454,23.663,25.065,24.080,24.302,25.247,24.796,25.513,25.391,24.977,25.380,25.805
pantothenic acid,21.094,18.483,19.149,19.954,19.063,18.923,19.413,18.600,19.179,19.897,20.668,19.734,19.915,19.215,19.492,19.271,18.880,20.138,20.525,19.736,20.341,21.634,20.892,19.211,17.960,18.626,20.459,19.046,19.535,19.053,18.082,19.234,19.254,18.666,19.880,20.133,19.788,19.375,18.144,19.972,16.986,19.263,18.991,19.747,19.809,19.170,20.179,16.231,19.987,19.508,20.818,20.116,20.330,18.854,18.080,18.275,18.731,19.144,19.396,19.976,20.022,19.993,20.324,18.838,20.236,19.490,18.820,19.672,19.972,17.896,19.978,18.489,18.629,19.132,19.864,18.630,20.959,16.357,20.917,20.148,20.652,20.556,21.157,20.899,20.185,21.434,21.692
phenylalanine,22.674,23.018,20.635,23.665,23.270,23.302,21.376,22.654,22.956,21.485,21.355,22.903,22.694,22.799,22.767,22.019,20.535,22.761,22.096,22.312,23.209,22.989,22.339,22.475,22.469,22.236,22.419,21.821,22.786,22.404,22.175,23.276,23.412,23.198,22.872,22.522,23.220,22.314,23.219,22.815,23.150,21.143,23.374,22.420,22.932,22.253,22.716,22.458,23.803,21.761,22.146,22.616,21.519,22.999,23.598,22.819,23.094,23.277,22.265,22.920,22.779,22.217,22.428,22.660,23.244,22.103,22.432,22.572,22.889,23.185,22.906,23.039,23.523,22.579,23.680,20.964,24.005,23.267,21.758,22.822,22.458,21.729,23.239,23.980,23.899,23.635,23.769
phosphoenolpyruvic acid,18.774,21.111,17.214,20.171,15.453,20.707,20.495,18.160,17.880,17.313,19.319,19.238,20.578,15.793,16.385,17.713,16.495,20.619,17.476,22.107,17.643,NA,19.168,16.411,17.855,15.439,16.009,14.803,19.481,20.983,20.460,15.126,16.378,19.329,19.456,18.381,16.561,15.394,18.956,18.543,19.861,19.851,20.764,19.434,18.971,16.980,14.898,17.955,17.153,17.351,18.017,NA,19.353,20.949,16.594,15.802,14.509,19.257,16.285,17.172,15.818,19.972,15.213,15.995,19.210,20.118,16.747,16.877,21.130,19.903,14.121,21.785,18.759,18.360,19.278,14.186,19.057,16.157,17.485,15.171,16.986,16.655,16.748,16.580,17.485,18.644,17.321
phosphoric acid (spectral match),20.628,20.727,20.670,20.614,20.003,20.274,21.323,20.586,20.739,20.343,20.490,19.691,19.983,20.384,19.685,20.077,19.546,21.211,20.335,20.449,20.863,20.632,21.050,19.948,20.492,19.417,19.661,20.069,21.019,20.378,20.124,19.834,20.226,19.897,19.200,20.662,20.078,19.982,20.675,19.651,21.345,21.659,20.288,20.859,19.881,20.454,19.755,19.732,21.005,19.651,20.703,20.134,21.294,20.262,21.010,20.400,20.838,20.300,20.328,19.992,20.157,20.067,20.682,20.224,20.195,20.482,20.000,20.058,20.295,20.474,19.980,20.171,20.710,21.521,20.336,21.171,20.937,20.436,20.946,19.956,20.658,20.530,21.295,20.724,20.393,21.048,20.988
porphine,23.916,24.455,24.449,24.356,25.413,24.890,24.391,24.196,24.444,23.978,24.129,23.340,23.871,24.089,24.189,23.637,23.818,24.056,24.116,24.617,24.171,24.553,24.512,23.978,23.354,23.168,23.958,23.533,24.078,23.969,23.608,24.237,23.956,24.373,23.706,24.833,23.878,23.691,24.450,23.802,25.727,24.148,24.606,24.509,23.727,24.147,23.873,23.798,25.277,23.968,24.068,23.324,24.254,24.339,24.926,24.931,24.025,23.947,23.826,23.971,23.973,24.112,24.367,24.546,24.097,24.004,23.958,23.487,24.066,24.528,24.373,24.414,24.067,24.898,24.620,24.300,23.622,24.078,24.091,24.173,24.357,24.864,24.116,24.374,23.849,24.464,24.848
propylene glycol,19.400,21.303,21.506,22.217,22.961,22.843,22.152,22.466,21.381,20.043,21.500,19.780,20.939,20.593,20.348,19.242,21.344,20.654,21.069,22.069,21.918,17.874,27.098,20.824,22.141,17.152,20.380,20.091,19.217,21.418,21.102,19.284,16.766,21.125,21.603,20.447,20.315,20.362,21.454,20.767,22.399,21.539,20.497,21.584,19.847,19.289,19.366,20.208,21.854,20.368,21.301,NA,18.910,21.191,21.201,20.697,20.803,19.551,21.094,22.724,21.721,21.243,20.065,21.238,20.268,20.215,20.997,19.352,21.229,21.167,20.391,21.979,21.094,20.327,21.746,21.251,20.782,16.457,21.606,21.557,22.610,22.993,23.755,22.034,20.643,23.717,23.604
putrescine,22.677,21.806,22.295,22.685,18.573,21.976,22.140,23.916,23.547,23.091,20.430,21.054,22.079,21.433,20.683,22.815,23.094,20.833,19.242,17.416,20.774,22.594,19.522,19.910,21.787,22.827,22.265,21.618,22.874,22.280,22.164,21.214,22.104,21.044,21.885,19.645,21.954,20.857,22.151,22.490,22.137,20.733,22.111,22.024,21.646,22.219,21.593,22.163,23.998,21.692,22.287,21.005,21.483,21.073,16.822,22.098,22.191,23.028,21.601,22.573,21.565,21.816,20.436,17.179,22.100,19.187,21.276,22.514,22.928,18.197,20.810,21.689,22.294,23.261,19.956,20.993,21.694,20.089,21.725,19.124,19.982,21.198,19.335,19.609,18.416,20.738,19.384
pyrophosphate,23.046,23.974,22.842,24.166,25.975,25.590,24.672,23.304,22.323,15.342,22.742,23.398,23.284,21.869,21.700,22.415,23.160,23.545,23.408,23.944,23.144,18.807,23.430,22.854,23.417,21.398,23.777,22.309,23.023,22.708,22.601,23.469,23.818,23.167,23.597,24.217,24.021,23.265,23.291,23.035,25.435,22.474,23.669,24.856,24.052,24.569,23.676,23.391,24.697,22.567,24.287,NA,24.164,23.262,23.458,23.660,23.418,23.496,20.894,23.440,23.229,23.168,24.071,23.903,23.417,23.746,23.139,23.339,23.701,24.857,23.961,24.154,23.117,22.846,24.075,24.970,23.621,20.799,22.644,22.610,NA,22.586,NA,23.264,20.280,24.202,23.545
pyruvic acid,20.203,20.283,20.207,19.999,17.730,18.921,20.073,18.623,17.734,19.256,17.609,20.514,19.968,19.859,20.213,17.873,17.295,14.792,19.871,16.624,19.912,16.079,17.373,14.760,15.896,17.689,19.934,20.422,20.076,20.874,20.211,17.627,16.751,20.405,20.834,16.321,20.767,19.624,17.709,19.764,20.612,19.731,17.202,14.230,19.811,21.254,16.584,19.632,21.201,14.819,19.194,20.816,19.265,20.364,17.070,20.830,18.683,19.696,16.602,17.191,17.398,17.198,17.179,14.089,16.534,16.032,17.336,17.432,17.557,20.372,20.393,20.689,19.058,20.952,17.509,20.095,19.235,17.995,20.550,18.815,18.315,17.047,20.098,17.590,16.810,19.695,18.483
sarcosine,NA,NA,19.404,NA,NA,NA,NA,NA,NA,NA,NA,NA,NA,NA,NA,NA,NA,NA,NA,NA,NA,21.606,NA,NA,NA,NA,20.893,NA,NA,NA,NA,22.182,20.113,NA,NA,NA,21.591,NA,NA,NA,NA,NA,20.292,NA,NA,NA,NA,NA,NA,NA,NA,NA,NA,20.846,NA,20.985,NA,NA,NA,NA,NA,20.592,NA,NA,NA,NA,19.735,NA,20.038,NA,20.518,NA,NA,NA,NA,NA,NA,21.260,NA,NA,NA,NA,NA,NA,NA,NA,NA
scyllo-inositol,24.102,21.675,24.725,22.154,23.922,23.754,23.678,25.667,23.562,22.376,22.933,24.951,22.728,23.439,23.472,23.425,21.965,23.105,23.418,23.479,23.655,21.970,24.216,22.000,22.723,24.161,23.627,25.285,21.784,22.820,22.351,21.524,24.210,24.184,21.201,22.726,22.254,22.583,24.342,24.001,21.425,24.226,22.751,25.707,21.813,23.076,22.114,21.382,23.139,24.617,22.579,21.165,23.768,23.017,19.582,21.929,23.615,22.664,23.252,21.339,21.215,22.930,24.206,21.046,21.186,22.931,25.343,22.998,22.026,22.022,22.036,23.310,23.767,21.379,25.297,23.307,23.459,21.887,22.445,22.584,23.308,22.003,24.623,24.132,23.847,23.209,24.300
stearic acid,24.328,24.915,24.984,24.467,25.783,24.904,24.401,24.491,24.547,24.541,24.651,23.617,23.898,24.602,24.753,23.548,24.359,24.089,24.621,24.719,24.854,25.045,24.651,24.532,23.591,23.205,24.497,23.793,24.081,24.301,24.018,25.162,24.480,24.876,24.132,25.252,24.063,23.797,24.156,23.852,25.941,24.698,24.923,24.808,24.331,24.066,24.366,24.361,24.814,24.533,24.332,25.760,24.669,24.930,26.458,24.992,23.846,24.225,24.409,23.969,24.309,24.651,24.574,25.207,24.530,24.470,24.329,23.396,24.170,25.158,24.673,24.546,24.231,25.475,24.698,24.806,23.688,25.250,24.418,24.564,25.341,25.097,26.018,25.604,25.416,25.632,26.103
sucrose,16.891,17.167,17.116,17.607,17.801,17.427,16.461,17.205,17.869,17.365,16.805,16.091,15.647,17.193,15.907,17.397,16.131,17.448,16.671,18.481,16.091,17.188,17.408,16.610,16.326,16.207,16.462,16.048,17.830,17.383,17.639,17.255,18.508,17.122,16.749,17.326,18.548,15.732,17.410,16.808,18.659,16.650,16.985,16.882,16.107,17.061,16.931,16.903,17.725,16.989,17.207,NA,17.790,16.457,17.538,18.067,17.398,17.379,17.148,16.868,17.807,16.277,16.131,17.625,16.320,16.109,17.001,16.701,16.751,16.782,16.779,16.873,18.125,18.052,16.750,16.533,16.659,16.879,16.885,17.084,19.539,18.708,17.052,16.917,17.447,17.545,17.035
timonacic,20.444,21.694,22.070,21.687,22.778,22.455,18.611,19.531,20.960,15.953,21.453,21.314,22.572,21.580,21.662,21.686,22.380,22.065,22.021,21.088,21.887,22.308,22.029,21.662,21.596,19.465,22.517,22.738,20.982,19.534,20.141,21.848,22.532,22.056,18.704,21.915,21.055,22.631,22.738,22.525,20.441,23.133,21.895,22.643,22.780,18.699,22.547,21.952,19.222,23.020,21.404,21.414,21.410,23.083,22.089,18.415,22.963,20.507,22.758,22.795,22.091,21.556,22.426,21.597,22.927,22.431,22.537,22.407,22.073,22.543,22.132,18.846,22.777,19.644,22.459,21.887,22.023,21.783,21.916,21.601,22.383,23.544,24.343,24.384,24.165,23.571,24.759
uracil,NA,NA,NA,21.265,20.965,21.226,NA,21.403,NA,NA,NA,21.117,NA,NA,20.784,NA,NA,NA,NA,NA,21.308,NA,NA,NA,NA,NA,20.961,NA,NA,NA,NA,NA,NA,NA,NA,NA,NA,NA,NA,NA,NA,NA,22.487,NA,NA,NA,NA,NA,21.542,21.276,NA,20.294,NA,NA,21.643,NA,NA,NA,20.740,21.603,NA,NA,NA,NA,NA,NA,NA,NA,NA,NA,20.385,NA,21.110,NA,NA,NA,NA,NA,20.982,NA,NA,NA,21.680,NA,NA,NA,NA
urea,NA,NA,NA,NA,17.518,NA,NA,NA,NA,NA,NA,NA,NA,24.077,NA,NA,NA,NA,NA,NA,NA,22.299,NA,NA,NA,NA,NA,NA,NA,NA,NA,NA,NA,NA,24.554,NA,NA,NA,NA,NA,NA,NA,NA,NA,NA,NA,NA,NA,NA,NA,NA,25.094,NA,NA,NA,NA,NA,NA,NA,NA,NA,NA,NA,NA,NA,NA,NA,NA,NA,NA,NA,NA,NA,NA,NA,NA,NA,NA,NA,24.861,NA,NA,NA,NA,NA,NA,NA
uridine 5'-monophosphate,NA,NA,NA,NA,NA,NA,21.536,NA,NA,NA,NA,NA,NA,18.631,23.135,NA,NA,NA,NA,NA,NA,NA,NA,NA,NA,NA,20.345,NA,NA,23.121,NA,20.831,NA,NA,NA,19.952,NA,NA,NA,NA,NA,NA,20.420,NA,NA,NA,NA,NA,NA,NA,NA,NA,NA,19.811,NA,20.388,NA,NA,NA,NA,NA,NA,NA,NA,NA,18.066,NA,19.446,NA,NA,20.931,NA,NA,NA,NA,20.641,NA,20.538,NA,NA,NA,NA,NA,NA,NA,NA,NA
xylitol,NA,NA,NA,NA,21.066,16.425,NA,18.273,NA,NA,NA,NA,NA,NA,NA,18.426,NA,NA,NA,18.093,NA,NA,23.308,NA,NA,19.582,NA,NA,NA,NA,NA,NA,NA,NA,NA,19.132,NA,NA,NA,NA,NA,23.082,NA,NA,NA,NA,NA,NA,NA,NA,NA,NA,22.206,19.081,NA,NA,NA,NA,NA,NA,NA,NA,NA,NA,NA,NA,NA,NA,NA,18.357,NA,NA,NA,NA,NA,17.172,NA,NA,20.949,NA,23.257,22.223,23.090,22.438,22.875,22.946,23.270
Unknown 001,NA,16.835,NA,NA,22.262,NA,NA,NA,21.177,NA,NA,NA,NA,NA,NA,NA,NA,NA,NA,NA,NA,NA,NA,NA,NA,NA,NA,NA,NA,21.761,NA,NA,NA,NA,NA,NA,18.634,NA,NA,NA,NA,NA,NA,20.561,NA,19.351,19.373,NA,NA,NA,21.005,NA,14.832,NA,NA,NA,20.317,NA,NA,NA,NA,NA,NA,20.145,NA,NA,NA,20.536,NA,NA,20.274,NA,NA,NA,NA,NA,19.382,NA,NA,NA,NA,NA,NA,22.776,NA,NA,NA
Unknown 002,20.550,22.644,20.868,20.850,22.392,21.606,21.501,21.162,21.357,21.230,21.185,20.329,21.766,20.541,21.713,19.566,19.949,21.235,20.952,20.865,21.058,21.523,18.930,21.717,18.907,22.252,20.945,19.961,20.958,20.943,20.369,20.314,20.322,21.771,21.546,21.423,20.321,21.116,21.447,20.474,21.410,19.939,20.485,20.168,21.381,20.438,20.659,20.868,21.165,20.044,23.098,NA,21.200,21.333,21.202,20.725,20.365,20.430,21.024,20.417,21.807,20.644,21.900,21.632,22.465,21.142,19.892,20.311,21.864,21.372,20.976,21.240,20.896,21.134,22.039,20.690,20.839,20.396,21.438,20.903,21.683,20.274,22.874,21.249,20.697,20.145,18.479
Unknown 003,20.443,23.286,20.334,19.894,22.362,21.306,21.976,21.657,23.336,20.010,17.903,19.309,19.313,20.890,22.607,22.491,21.596,21.789,19.183,19.871,17.060,19.870,23.836,22.561,22.428,22.313,18.351,22.445,21.774,23.006,22.302,19.392,19.958,20.581,21.393,22.738,22.050,21.558,20.495,22.105,20.925,24.156,19.252,22.458,21.337,22.385,22.557,20.234,20.569,22.246,23.484,NA,23.862,19.737,20.767,19.478,23.579,21.620,22.757,19.340,22.198,20.282,21.746,22.024,22.796,21.043,20.238,22.610,20.268,21.787,22.646,21.797,23.490,20.089,19.903,21.609,22.379,19.009,23.305,21.708,21.285,23.070,23.482,23.728,22.713,23.585,23.889
Unknown 004,19.861,19.861,19.234,19.565,18.465,19.597,18.568,19.102,19.961,18.457,19.847,18.350,19.179,18.425,18.766,17.909,18.253,19.056,20.828,19.103,20.228,18.188,19.108,19.528,17.164,17.680,20.458,18.554,19.366,17.619,19.212,21.866,18.309,18.961,19.023,18.442,21.291,18.940,18.821,18.672,19.543,18.511,19.990,18.518,20.015,19.006,18.924,18.930,19.527,19.031,19.194,NA,18.549,20.437,18.619,18.361,18.393,19.461,19.647,19.453,20.206,20.171,20.106,18.508,19.140,19.575,19.471,18.708,19.713,19.077,20.278,18.520,19.168,19.848,20.010,18.878,20.561,17.492,18.583,18.109,18.075,18.557,18.575,18.598,18.662,18.556,18.923
Unknown 005,23.366,23.404,23.396,23.760,24.965,24.375,24.121,23.609,23.430,23.754,23.281,22.731,22.879,23.249,23.527,22.563,23.052,23.092,23.167,23.911,23.057,22.951,23.402,22.787,21.250,22.304,23.031,22.729,22.763,23.848,22.702,23.347,23.342,23.692,23.427,23.082,23.135,22.471,23.711,22.587,25.147,22.904,23.449,23.722,23.021,23.644,22.921,22.963,24.827,23.119,23.257,23.052,23.055,23.342,23.542,24.001,23.286,23.335,22.642,23.067,22.817,23.143,23.213,23.636,23.172,23.178,23.013,22.610,23.290,23.834,23.484,24.581,23.334,24.350,23.776,23.615,22.879,23.482,23.244,23.323,23.521,23.427,23.170,23.317,22.875,23.537,23.556
Unknown 006,19.921,23.188,19.250,23.070,22.046,22.779,21.858,22.409,23.846,24.976,24.371,22.091,18.152,22.458,21.847,22.449,19.095,22.582,23.015,21.699,18.573,21.503,22.926,23.447,19.780,20.822,22.479,23.100,21.750,20.764,20.861,22.449,22.657,21.075,22.423,19.961,21.504,21.723,22.302,17.625,23.755,24.914,23.339,20.937,18.621,18.867,21.424,22.529,24.216,21.424,19.446,20.802,21.202,23.256,21.962,22.591,23.006,22.706,24.148,22.110,18.307,23.202,23.058,20.061,21.993,22.412,22.448,20.528,22.515,21.774,19.293,22.137,19.286,25.463,19.055,17.744,21.737,20.467,23.681,24.208,18.561,24.141,24.378,24.334,18.568,24.634,24.599
Unknown 007,20.779,20.793,20.352,20.804,19.593,20.276,20.829,19.872,19.790,19.584,21.170,20.110,20.952,19.710,21.346,16.874,19.039,19.344,21.201,20.460,21.193,20.269,21.225,20.758,19.885,20.018,21.201,19.604,18.162,21.229,19.398,19.730,21.180,19.135,20.339,21.933,21.021,18.591,19.027,18.188,20.893,19.668,19.451,20.665,21.588,20.292,21.064,19.672,20.757,20.746,20.641,22.835,18.962,19.869,20.772,19.933,18.729,19.408,18.355,20.710,20.129,19.710,20.988,19.865,20.716,20.011,19.914,19.811,21.073,20.906,21.144,21.663,20.181,21.277,19.592,21.438,19.908,19.477,19.364,19.463,19.718,19.274,19.108,19.157,20.123,20.165,19.983
Unknown 008,NA,21.285,NA,21.881,20.081,20.265,20.411,NA,NA,NA,NA,NA,NA,NA,NA,14.916,NA,NA,NA,NA,NA,18.858,NA,NA,NA,NA,NA,NA,NA,NA,NA,NA,NA,NA,NA,NA,NA,NA,20.870,19.120,21.801,NA,NA,21.415,NA,NA,NA,NA,NA,21.174,NA,NA,NA,NA,NA,21.288,NA,NA,19.077,NA,20.028,NA,19.868,NA,NA,NA,NA,NA,NA,NA,NA,NA,17.872,NA,NA,21.536,NA,NA,17.309,NA,NA,16.837,NA,NA,20.837,NA,NA
Unknown 009,20.781,NA,NA,NA,NA,NA,NA,NA,20.932,NA,NA,NA,NA,NA,NA,NA,NA,22.573,NA,NA,NA,NA,NA,NA,22.092,21.344,NA,NA,NA,NA,NA,NA,NA,NA,NA,21.417,22.259,NA,NA,NA,NA,NA,NA,NA,NA,23.755,16.922,NA,22.392,NA,NA,NA,20.927,NA,NA,NA,NA,NA,NA,NA,NA,NA,NA,21.920,NA,NA,NA,NA,NA,NA,NA,NA,NA,NA,NA,NA,NA,22.551,NA,NA,NA,NA,21.745,NA,NA,22.111,NA
Unknown 010,25.905,26.024,25.427,25.843,17.803,25.295,25.097,25.283,26.018,25.874,25.093,24.792,24.263,25.177,24.129,25.078,24.571,25.784,25.060,25.906,25.201,25.726,25.264,24.849,25.383,24.759,24.366,25.290,25.586,24.522,25.618,26.011,26.145,25.548,25.121,26.145,26.307,25.527,25.323,25.048,25.631,25.318,26.241,25.929,24.480,25.624,25.003,24.069,17.877,24.387,25.171,17.848,26.574,25.651,26.464,17.866,24.849,24.538,25.198,24.876,24.469,25.097,25.901,25.585,25.241,24.851,24.892,25.002,25.754,25.728,25.311,25.747,24.643,24.982,25.482,24.765,24.770,23.688,25.305,24.963,26.865,27.380,18.305,25.545,24.682,26.134,25.155
Unknown 011,20.808,20.655,20.695,22.120,21.523,21.590,21.944,23.630,22.734,21.923,20.110,20.909,20.138,21.011,19.397,20.939,19.806,19.850,19.331,19.357,19.975,21.178,20.031,19.733,21.096,20.550,21.112,21.052,21.452,22.027,22.095,20.822,20.456,19.348,19.360,21.963,22.425,22.023,21.784,20.697,21.518,22.696,20.883,21.075,20.216,21.372,20.480,19.718,22.609,19.966,22.388,20.690,22.954,19.524,21.869,20.908,21.886,22.104,21.302,21.152,19.969,20.069,20.095,20.791,20.855,20.043,20.813,21.094,21.327,20.700,20.686,20.804,22.902,22.337,20.381,21.534,20.109,20.602,21.355,20.848,24.856,23.102,24.621,23.932,23.291,25.174,25.246
Unknown 012,18.463,20.273,18.785,19.517,17.607,18.561,17.639,17.962,20.322,19.010,19.089,16.929,17.936,18.396,15.860,18.691,18.730,18.277,16.398,17.801,18.502,19.920,19.530,19.012,18.179,17.988,18.532,19.079,17.847,16.825,17.861,17.835,17.475,17.514,19.159,19.928,17.974,16.964,16.189,18.365,19.675,21.199,19.973,18.424,17.878,18.061,17.514,18.286,18.087,15.888,20.328,NA,20.991,19.510,19.199,19.174,18.999,17.647,19.869,17.810,18.296,19.273,17.081,17.969,18.797,18.738,18.365,17.354,18.608,18.062,19.077,18.112,20.353,20.260,19.572,16.941,18.625,19.313,19.779,19.506,20.493,18.989,20.112,18.881,19.114,20.555,20.874
Unknown 013,22.401,21.374,21.610,22.306,20.387,22.163,22.778,22.294,23.690,21.870,21.830,22.554,22.258,21.440,22.940,21.929,23.001,21.643,22.357,21.718,22.285,20.338,22.596,20.676,21.334,21.824,22.698,21.770,21.354,22.654,22.053,21.012,21.508,21.407,20.668,22.429,22.091,21.776,21.373,22.548,21.234,22.023,21.359,20.075,22.648,22.030,22.128,20.736,22.541,21.439,23.084,19.067,22.044,21.772,19.334,20.852,22.261,21.210,22.604,21.779,22.874,22.627,22.587,19.399,21.538,22.270,21.437,22.067,21.545,21.201,23.226,21.429,22.274,22.365,22.399,21.166,22.757,21.127,21.970,22.655,20.875,21.204,20.859,21.422,20.775,22.366,22.278
Unknown 014,18.694,18.268,18.129,17.718,18.416,18.402,18.957,18.755,19.838,19.080,19.147,17.805,18.488,18.832,18.934,18.832,19.917,17.487,18.194,17.830,19.255,21.555,18.203,18.150,18.091,18.543,19.748,17.179,18.719,17.834,18.450,19.145,19.790,18.346,18.347,19.938,19.375,18.246,17.209,18.685,18.066,18.746,18.552,17.070,18.637,17.578,18.449,18.696,18.227,17.696,18.953,19.800,18.649,19.484,17.270,19.120,17.843,17.471,19.098,17.478,18.068,18.421,18.392,17.469,18.384,18.550,17.995,17.804,17.518,18.092,19.604,18.082,20.014,18.012,18.999,18.709,18.942,19.327,19.810,19.131,18.001,18.168,17.265,17.192,18.064,17.024,18.023
Unknown 015,19.310,20.392,19.985,19.207,18.594,19.795,19.118,19.774,20.212,19.484,19.980,19.223,19.896,19.255,20.105,19.756,20.614,19.798,19.721,19.123,20.254,20.906,20.314,19.372,18.808,19.141,20.271,19.192,19.165,17.788,19.634,19.472,20.335,18.638,17.767,20.759,19.142,20.104,18.579,20.229,18.891,21.445,20.034,19.186,20.266,19.434,19.980,19.507,19.449,19.627,20.167,19.101,20.635,20.210,17.630,18.638,19.729,18.797,21.148,19.510,20.011,20.321,20.552,17.336,20.108,20.509,19.900,19.600,18.877,19.779,20.763,18.731,20.226,19.453,19.967,19.749,19.767,18.899,19.881,20.272,19.488,22.571,19.460,20.227,20.460,20.825,21.201
Unknown 016,22.419,21.054,20.952,21.245,21.416,22.566,20.510,21.906,20.859,20.222,21.201,19.188,20.424,20.670,20.716,19.783,20.937,20.574,20.778,20.975,20.622,23.005,20.409,20.316,22.261,21.658,21.006,20.072,20.104,19.992,21.168,21.201,20.963,20.559,21.721,22.472,21.879,21.843,20.550,22.436,22.068,19.878,20.879,20.828,20.828,22.307,21.233,22.175,21.463,20.790,20.436,19.400,21.373,21.157,21.106,22.951,20.200,21.403,20.267,21.185,20.228,20.923,21.067,21.075,20.905,21.060,20.494,20.016,21.059,20.557,20.544,21.951,20.833,21.360,20.928,20.291,21.308,21.415,20.434,20.030,21.144,21.020,20.097,19.791,19.480,20.561,20.495
Unknown 017,21.241,22.654,22.941,21.833,19.380,18.301,23.039,19.207,23.259,22.262,22.349,22.893,21.792,22.441,23.012,19.181,21.745,21.854,18.391,22.288,22.844,22.726,23.194,22.230,22.599,21.940,22.898,21.836,22.037,22.052,20.326,22.306,18.764,22.464,21.392,22.607,20.249,21.426,22.910,21.358,22.976,22.664,23.150,23.241,20.646,21.773,22.065,22.431,20.388,22.358,22.738,22.732,22.283,22.775,21.780,22.890,22.133,21.158,21.255,21.943,19.027,21.689,21.938,21.614,21.945,16.942,22.593,21.035,22.458,22.336,22.100,21.463,22.729,22.687,22.590,22.485,22.468,22.320,20.744,22.243,23.017,21.217,21.708,21.538,21.608,22.013,22.112
Unknown 018,19.666,19.600,19.911,20.801,18.106,20.357,19.436,21.205,21.298,21.201,20.905,20.881,19.891,20.160,19.437,15.858,20.731,19.082,20.619,17.153,19.765,21.176,18.794,17.441,20.292,19.896,20.628,20.723,20.010,19.870,21.102,18.819,21.232,19.155,20.158,19.874,21.201,20.387,20.008,21.057,19.572,19.390,21.455,19.015,21.188,20.307,20.173,19.753,20.219,20.409,19.974,20.388,19.962,18.654,18.323,20.197,20.161,20.343,20.413,20.894,20.886,21.079,20.753,18.611,20.328,19.806,18.978,21.149,20.529,19.328,19.019,19.605,21.132,19.907,20.229,18.648,21.630,20.529,19.901,20.902,20.857,21.047,21.068,20.363,20.256,21.201,19.075
Unknown 019,17.717,20.670,21.552,17.298,22.203,19.349,18.007,17.890,19.160,17.960,21.163,17.224,19.921,20.538,20.649,18.979,20.709,19.935,20.397,20.257,20.973,20.265,20.794,20.974,18.913,16.931,20.993,18.784,19.466,17.846,16.979,20.876,20.396,20.661,17.065,21.077,17.629,19.779,19.305,19.944,19.160,20.433,20.596,20.254,20.734,16.899,21.145,20.417,17.948,20.723,19.301,20.741,20.061,20.933,21.352,19.362,18.283,17.782,20.844,19.245,19.267,20.836,20.508,21.445,20.553,20.314,20.412,18.124,18.710,21.296,20.397,18.021,19.720,19.272,19.773,21.445,19.394,20.414,19.647,21.014,17.874,20.972,21.281,21.389,21.473,19.527,21.128
Unknown 020,21.913,20.307,20.750,19.934,21.874,20.691,20.424,21.910,21.509,20.606,19.869,20.190,20.079,18.570,20.636,20.201,20.643,19.949,19.895,20.650,18.934,21.678,20.083,20.591,19.771,21.478,19.140,21.079,20.551,20.658,21.616,19.333,20.328,21.080,18.730,20.380,20.075,20.165,20.093,20.210,20.998,20.804,20.154,20.639,19.900,20.548,19.022,20.120,21.214,21.201,20.665,18.866,19.944,20.597,19.351,19.606,21.511,20.208,20.355,20.244,20.696,20.032,20.178,19.285,20.371,19.881,19.939,21.499,20.508,21.027,21.049,19.997,20.960,20.654,21.072,19.673,20.720,20.465,21.179,20.911,23.408,21.509,20.227,20.983,21.782,22.078,21.798
Unknown 021,22.569,22.694,22.840,23.107,20.855,21.782,21.973,21.201,16.879,21.590,22.039,21.330,22.713,21.875,20.928,19.947,20.428,22.777,21.977,23.658,21.138,21.519,20.893,21.373,20.344,20.799,21.283,20.329,21.648,22.105,20.894,22.732,21.447,23.378,21.491,23.209,21.020,20.274,21.229,20.511,22.386,21.146,23.237,21.102,22.676,21.287,20.566,20.535,22.198,20.897,20.699,20.790,20.597,22.643,22.490,21.857,19.540,21.187,21.142,20.650,22.135,21.604,21.226,22.462,21.581,22.654,21.026,19.943,22.859,22.328,21.069,23.131,21.105,22.161,22.706,21.496,21.196,22.313,20.280,20.765,20.561,18.465,19.878,19.416,19.245,20.138,19.876
Unknown 022,19.138,20.682,22.596,21.747,18.341,21.201,21.459,23.454,18.476,22.486,21.491,22.952,21.097,20.797,20.942,21.489,19.390,21.132,22.121,22.470,19.579,19.690,19.275,20.885,18.391,18.258,22.196,21.080,21.596,22.247,22.711,20.877,23.104,18.388,20.295,20.041,21.218,22.774,22.264,20.608,17.173,21.533,20.346,20.439,23.194,21.088,22.580,21.729,19.579,21.910,21.944,21.201,21.466,20.712,17.909,20.017,22.489,22.906,21.347,22.284,23.255,21.564,23.502,20.343,21.866,22.027,18.202,22.456,21.976,21.538,21.509,20.183,22.543,22.913,22.097,22.141,22.746,21.325,22.747,22.896,19.688,21.559,23.031,23.155,22.256,22.567,22.953
Unknown 023,19.304,19.075,18.657,18.669,16.678,19.694,18.176,18.938,19.109,20.048,19.217,17.508,18.316,18.604,17.521,18.916,19.082,17.611,19.144,17.900,17.872,19.358,19.389,18.363,18.250,19.317,18.304,19.040,18.517,18.140,18.805,18.336,19.162,18.451,18.237,19.380,18.647,18.380,18.787,19.440,17.465,20.111,19.038,19.158,19.840,19.554,18.820,18.830,19.657,18.967,19.698,18.547,20.497,19.417,17.907,18.765,18.726,18.619,18.874,19.407,17.909,19.292,19.319,18.666,19.442,18.988,18.763,19.204,18.984,17.815,18.828,18.650,19.177,18.904,18.157,18.241,19.454,18.966,20.075,19.617,19.816,19.493,19.315,19.178,18.161,19.883,19.814
Unknown 024,NA,20.957,21.787,NA,21.059,NA,NA,NA,NA,NA,22.170,NA,NA,NA,NA,NA,NA,21.240,NA,NA,NA,22.860,22.327,NA,NA,NA,22.585,NA,NA,NA,NA,22.255,NA,NA,NA,NA,NA,NA,NA,NA,NA,22.431,NA,20.330,NA,NA,NA,NA,NA,NA,NA,NA,20.649,NA,NA,NA,NA,NA,22.548,NA,NA,NA,NA,NA,21.199,NA,NA,NA,NA,NA,NA,NA,NA,NA,NA,NA,NA,NA,20.526,NA,NA,23.599,22.173,NA,22.360,21.071,23.307
Unknown 025,19.523,18.469,18.058,20.751,22.209,18.953,19.230,18.997,22.840,22.160,19.081,20.944,17.880,21.538,23.285,18.619,19.252,18.841,18.363,17.447,20.779,21.086,21.344,17.393,20.908,19.119,18.707,18.977,18.976,22.137,22.132,19.721,20.795,18.486,22.239,22.324,21.576,20.809,19.690,20.493,21.013,22.444,18.904,19.530,21.156,19.762,18.735,18.266,19.505,18.348,22.222,19.807,22.514,18.529,21.128,21.860,18.766,19.993,21.543,20.713,20.028,17.732,20.009,18.193,18.156,18.687,17.650,19.065,18.886,17.124,21.691,19.236,21.353,19.920,17.680,21.602,21.175,19.960,22.242,20.419,20.002,21.875,20.068,22.115,22.423,20.481,21.121
Unknown 026,20.461,20.919,20.720,24.416,24.994,25.876,25.168,24.952,21.802,20.433,19.716,20.182,20.150,19.870,20.743,19.876,21.152,20.192,20.155,20.525,22.056,20.915,20.898,20.656,19.969,20.569,20.718,20.547,20.749,20.075,20.692,20.295,19.870,20.410,21.068,21.081,19.101,19.565,21.837,19.374,20.937,20.241,21.339,20.715,18.820,19.892,18.982,19.375,20.930,19.978,20.262,19.561,20.121,21.017,21.338,20.230,20.413,19.721,20.051,20.333,19.434,18.885,20.386,20.189,20.016,18.955,19.849,20.735,20.430,20.339,20.092,19.690,20.104,20.088,20.152,20.868,19.336,19.972,20.524,19.278,22.293,22.042,22.550,22.747,23.089,23.112,23.256
Unknown 027,14.398,18.718,19.243,17.436,19.750,18.174,14.742,14.337,18.133,NA,18.573,16.682,17.180,17.556,19.036,17.715,18.245,17.423,19.905,19.313,19.249,17.591,19.372,18.956,17.622,14.646,18.452,16.255,17.390,15.141,16.224,17.272,18.092,19.372,16.108,20.073,17.391,18.097,17.636,18.313,NA,18.210,18.458,19.833,17.948,15.748,19.242,18.789,NA,19.206,17.822,19.395,17.996,19.161,18.743,18.704,17.535,16.484,18.787,17.967,20.626,20.232,20.286,19.514,18.918,19.493,18.831,16.153,16.982,19.754,20.349,16.191,17.567,17.263,19.184,18.324,18.145,18.317,18.191,19.193,14.273,18.573,18.836,18.485,18.991,17.421,18.533
Unknown 028,17.363,16.947,16.646,17.706,18.329,16.821,18.574,18.473,18.648,16.750,16.337,17.817,17.682,16.459,16.218,16.568,16.967,15.974,17.094,16.992,18.816,17.838,16.581,16.266,17.911,18.770,16.027,17.227,17.081,18.003,18.052,16.411,17.100,17.331,16.554,17.750,22.915,22.143,18.793,18.087,17.555,17.206,16.823,17.899,16.269,17.671,16.050,16.046,17.289,17.081,16.834,21.133,17.079,17.300,18.872,16.921,18.051,17.312,16.438,17.577,17.040,18.811,17.949,15.096,19.193,16.056,16.222,16.876,16.411,18.152,18.669,15.397,18.603,15.867,18.203,16.594,18.979,18.048,17.948,21.282,21.122,20.415,19.641,20.229,20.636,19.385,18.957
Unknown 029,22.366,21.900,21.241,22.610,21.251,20.031,20.950,22.593,22.073,22.529,20.365,21.591,20.143,20.902,20.576,21.185,21.251,20.917,20.191,20.532,20.785,18.574,19.431,19.998,21.177,21.376,20.291,21.641,21.900,21.246,22.247,21.006,21.025,21.444,21.784,21.185,22.251,20.603,21.817,21.342,22.680,22.412,21.773,20.313,20.874,22.724,20.198,20.935,21.928,21.516,21.900,18.993,21.369,20.606,22.212,20.974,22.012,21.925,21.034,21.666,20.531,19.722,20.855,21.164,21.620,20.634,21.272,21.217,22.157,21.290,20.725,22.317,21.938,22.958,20.491,20.178,21.868,20.427,21.783,19.526,23.063,20.825,21.151,21.378,21.356,22.588,22.149
Unknown 030,17.827,20.235,21.770,18.330,21.845,18.031,18.554,17.143,21.340,18.123,21.679,18.334,22.244,22.015,18.904,20.194,22.237,21.779,22.167,21.562,22.720,24.031,22.087,21.942,17.447,17.683,21.993,18.542,19.138,17.857,17.516,22.923,21.478,21.628,16.481,21.975,18.219,21.303,20.881,22.118,18.795,20.901,22.300,21.423,21.674,17.023,21.490,21.959,19.341,22.116,20.234,21.553,17.618,23.236,21.589,19.788,19.697,17.823,21.992,17.892,22.202,21.527,22.257,21.582,21.271,21.541,20.032,18.985,19.232,21.672,22.733,17.330,21.681,20.014,21.334,20.890,19.928,21.421,18.923,22.788,18.696,22.191,21.714,21.786,21.735,20.188,22.029
Unknown 031,21.450,19.940,20.717,21.195,20.380,21.318,22.171,21.819,22.281,21.032,20.164,21.431,20.428,20.517,20.753,20.554,20.575,20.199,20.487,20.984,20.658,20.588,20.261,19.962,21.603,21.430,20.534,21.643,21.272,21.111,21.294,20.074,21.739,20.339,21.059,21.222,21.592,21.442,21.545,21.199,20.879,19.280,21.572,21.116,20.622,22.020,20.448,20.177,22.043,20.827,21.052,21.814,19.816,20.526,19.845,20.543,22.286,21.498,20.688,21.262,21.734,20.779,20.872,20.364,20.260,21.212,20.064,22.280,20.622,21.401,20.857,19.986,20.992,20.315,21.237,20.761,21.714,20.323,20.638,20.316,18.991,19.038,18.503,18.923,18.653,19.177,19.443
Unknown 032,19.754,20.983,19.444,19.629,21.768,20.109,19.941,19.293,20.953,21.052,20.081,20.289,20.898,20.050,21.412,18.858,21.456,20.893,20.930,19.393,19.810,20.200,21.184,19.764,21.245,21.467,19.298,21.335,19.689,19.290,20.345,19.654,21.028,20.065,20.576,20.583,19.696,20.912,19.416,21.204,19.665,21.559,20.818,20.639,20.470,19.258,19.571,18.822,20.589,19.848,20.559,NA,21.357,20.296,19.921,20.388,18.513,19.031,20.192,19.808,19.527,21.434,20.439,19.266,19.706,20.747,20.355,18.866,20.032,19.952,20.872,19.102,20.277,21.085,19.693,20.289,21.217,20.252,19.643,20.934,23.213,23.401,20.882,22.021,23.068,21.718,21.209
Unknown 033,18.751,19.935,19.131,19.079,20.636,19.688,18.548,19.071,20.518,20.110,18.960,19.915,19.776,19.134,20.411,18.582,20.530,19.927,19.365,19.884,19.419,19.831,20.292,19.946,20.138,20.385,19.251,20.643,19.618,19.098,19.351,18.840,20.101,18.836,19.426,19.096,18.430,19.746,19.589,19.959,18.656,20.772,19.584,19.476,19.497,17.738,18.325,18.480,19.879,19.149,19.977,NA,20.439,19.181,18.842,20.199,19.109,17.901,18.673,19.137,18.436,20.374,18.960,18.744,19.050,19.652,19.319,18.290,19.739,18.907,20.129,18.889,19.760,20.473,19.735,19.160,20.217,19.049,19.092,18.562,22.374,22.552,19.623,20.212,22.005,20.871,19.955
Unknown 034,17.896,20.507,19.385,19.601,21.045,20.280,18.562,18.423,20.214,18.785,19.952,20.173,19.399,20.034,20.994,19.574,20.784,20.984,20.397,21.210,20.134,18.910,20.030,20.308,21.849,21.493,18.911,21.034,19.467,19.790,18.049,17.867,20.594,19.755,18.851,18.884,17.757,19.722,20.386,21.107,20.764,18.903,19.698,20.773,18.808,18.380,20.488,17.132,20.028,19.863,19.969,NA,20.815,19.845,20.335,21.046,18.544,18.552,18.631,19.082,18.205,19.913,18.820,19.122,17.722,19.741,20.451,18.213,20.587,19.332,18.981,20.269,20.055,20.182,18.708,21.040,19.739,17.667,18.790,17.659,21.080,20.047,19.516,19.788,21.486,20.934,20.590
Unknown 035,23.382,21.873,21.498,21.861,23.092,22.746,23.309,21.691,23.248,23.974,21.325,22.429,22.164,20.819,22.260,22.254,24.596,22.905,22.081,22.805,21.856,20.126,24.473,22.699,22.087,24.099,21.253,22.402,23.501,22.929,21.842,20.165,21.169,21.867,23.638,20.689,19.990,22.456,22.972,23.770,22.804,21.197,22.395,21.900,19.893,21.330,22.283,19.962,19.981,21.603,22.671,21.187,22.940,21.836,20.939,22.996,21.689,21.527,20.515,22.736,20.918,22.591,20.818,22.183,19.967,20.691,21.543,21.948,22.536,20.456,22.354,21.172,22.684,20.962,22.151,21.978,22.670,21.717,22.271,21.558,21.654,21.369,21.230,21.575,22.301,23.075,22.174
Unknown 036,20.807,21.121,21.625,21.298,22.654,21.908,21.318,21.193,21.039,20.805,21.026,20.230,20.558,21.180,21.201,20.345,20.344,20.772,20.833,21.464,20.925,21.099,21.316,20.769,19.815,14.327,21.250,20.838,20.522,20.874,20.443,21.277,21.018,21.423,20.770,21.567,21.166,20.270,21.305,20.054,23.040,21.454,21.219,21.783,20.647,21.201,20.799,21.199,22.592,21.208,20.882,19.851,21.034,21.212,21.915,21.759,20.974,21.450,20.652,20.656,21.256,21.018,21.389,21.417,21.193,20.917,21.009,20.282,20.995,21.654,21.168,21.354,21.121,22.033,21.680,21.402,20.453,21.230,21.069,21.188,21.457,21.061,21.192,21.196,20.785,21.134,21.733
Unknown 037,20.579,24.943,17.972,20.974,21.081,20.751,21.758,23.028,21.371,21.637,22.078,21.046,21.201,21.387,20.980,21.248,24.433,24.872,22.081,22.603,21.230,20.043,21.635,23.392,24.471,20.232,20.165,21.622,19.632,21.174,20.483,21.212,19.126,21.183,19.864,19.948,18.995,22.285,21.389,24.229,20.580,20.705,22.823,21.568,21.813,21.513,19.325,19.044,21.142,19.443,22.037,23.598,22.651,22.703,19.884,21.646,22.156,21.548,20.246,19.771,20.804,22.506,20.497,22.234,19.758,23.552,23.648,21.879,23.133,20.064,23.370,22.542,21.601,21.119,19.450,20.522,22.784,18.864,21.982,19.862,20.850,19.158,23.692,18.260,20.404,23.933,19.026
Unknown 038,24.847,25.061,25.460,25.329,26.458,25.926,25.322,25.230,25.091,25.086,25.156,24.226,24.612,24.902,25.272,24.407,24.502,24.738,25.065,25.516,24.960,25.306,25.312,24.668,24.157,23.986,24.913,24.431,24.720,24.959,24.530,25.053,25.022,25.359,24.854,25.532,24.791,24.304,25.441,24.324,26.881,25.089,25.260,25.387,24.740,25.077,24.860,24.920,26.357,25.067,24.996,24.772,24.996,25.175,25.829,26.022,25.015,25.078,24.580,24.811,25.001,24.996,25.184,25.573,25.059,24.977,24.783,24.276,25.122,25.584,25.057,25.400,25.119,26.128,25.745,25.233,24.377,25.373,25.048,25.063,25.245,25.047,25.076,25.174,24.734,25.140,25.538
Unknown 039,20.937,23.704,24.065,21.403,17.692,19.283,22.006,23.555,20.779,23.508,20.592,21.288,19.397,23.983,24.244,22.322,23.116,23.476,19.780,17.874,17.752,18.556,19.111,23.528,23.247,22.376,23.801,23.494,23.554,20.882,21.652,23.697,24.345,24.092,21.075,18.155,20.081,22.742,19.180,19.047,24.542,18.850,18.661,19.847,23.228,21.883,23.217,23.630,20.891,23.616,23.826,19.152,21.950,23.959,20.274,21.201,21.874,21.514,23.131,21.119,23.730,18.429,18.614,23.952,23.684,21.146,23.620,21.840,19.664,16.841,18.594,18.558,21.322,22.158,24.240,23.391,20.932,24.667,22.248,19.089,22.466,20.046,19.654,20.400,21.022,21.235,19.446
Unknown 040,17.385,20.598,21.398,18.258,22.499,20.893,19.087,18.981,19.854,19.023,20.840,19.504,19.881,19.178,20.723,18.694,20.742,18.884,19.846,21.316,22.031,20.478,21.321,20.702,19.246,17.718,20.611,18.406,18.325,19.714,18.828,20.731,20.750,20.149,18.778,21.763,19.163,18.968,19.893,19.434,20.439,20.316,20.820,21.372,20.780,17.200,20.825,20.545,18.519,20.455,18.849,21.568,20.832,20.953,21.180,19.026,19.384,18.384,20.951,19.594,20.543,20.697,20.755,21.746,20.557,20.133,20.127,18.546,18.555,22.208,20.667,19.005,19.391,20.159,20.706,21.435,19.686,20.434,19.730,20.418,19.616,21.018,21.413,21.207,21.408,20.643,21.457
Unknown 041,17.458,20.598,21.201,18.422,21.795,20.336,19.322,18.397,19.718,19.627,20.777,18.329,19.514,20.344,20.294,19.967,20.132,19.752,20.087,20.168,21.057,20.228,20.494,20.278,19.192,18.448,20.170,19.483,19.004,19.570,18.244,20.177,19.955,20.854,18.757,21.319,18.644,19.311,19.589,20.181,19.967,20.456,20.603,21.183,20.053,17.770,20.239,19.978,19.207,20.399,19.484,20.015,20.510,20.626,21.181,19.319,19.076,18.535,20.563,19.478,20.293,20.232,19.997,21.326,20.019,20.106,20.280,19.708,19.637,21.176,20.204,18.358,19.905,19.777,20.875,20.833,19.220,19.977,20.133,20.427,20.951,20.740,20.815,20.639,20.792,19.886,20.862
Unknown 042,22.067,22.512,23.427,17.477,17.755,17.603,20.329,17.480,19.582,19.820,23.562,21.725,21.195,23.691,23.819,22.144,21.502,22.424,23.514,22.291,18.614,22.572,18.585,22.246,22.472,19.815,23.996,23.393,23.014,21.636,21.305,23.658,24.087,23.030,22.694,18.699,19.119,23.240,23.133,22.677,23.621,21.163,17.762,21.902,23.743,21.907,24.375,23.509,23.475,22.892,22.109,21.959,19.405,22.383,22.378,25.171,23.119,22.420,22.312,23.507,24.017,17.438,18.546,22.674,23.000,23.289,22.870,20.310,23.088,19.880,22.309,18.044,23.478,17.528,24.128,22.971,17.904,25.076,21.345,23.246,19.959,18.349,17.721,18.328,19.301,17.703,18.837
Unknown 043,20.040,19.288,21.584,20.370,19.600,19.277,20.116,19.082,20.660,20.841,21.992,19.044,19.792,22.106,22.505,18.572,21.471,19.403,21.517,20.479,20.104,20.180,20.275,19.820,21.158,21.059,22.503,22.085,20.183,19.507,18.717,21.967,22.488,20.577,20.334,20.526,19.616,19.796,21.093,20.700,20.392,19.051,20.522,19.956,21.530,18.645,22.734,21.848,21.988,21.612,19.975,19.479,19.461,19.586,20.161,23.578,21.661,20.496,18.772,19.252,22.245,20.857,19.950,20.785,21.529,21.370,21.348,18.382,21.315,19.403,20.059,19.400,21.184,19.130,22.773,21.532,19.825,21.568,20.696,20.316,20.515,20.249,19.404,19.954,20.871,19.306,20.519
Unknown 044,24.039,24.243,24.339,24.469,25.460,24.958,24.494,24.318,24.246,24.121,24.085,23.447,23.646,23.881,24.016,23.389,23.662,23.913,24.100,24.646,24.121,24.165,24.499,23.745,23.324,23.193,23.764,23.503,23.778,23.973,23.628,23.974,23.895,24.389,23.940,24.531,23.918,23.387,24.388,23.433,25.814,24.100,24.344,24.409,23.735,24.192,23.726,23.861,25.331,23.966,23.969,23.631,24.027,24.154,24.776,24.818,24.012,24.078,23.599,23.820,23.860,24.222,24.277,24.500,23.956,24.030,23.924,23.320,24.135,24.611,24.103,24.638,24.060,25.167,24.564,24.216,23.641,24.082,24.060,23.958,24.262,24.076,24.171,24.362,23.777,24.313,24.769
Unknown 045,14.219,14.889,15.649,15.518,18.859,19.297,18.236,18.541,18.380,16.715,NA,15.980,18.115,15.991,17.230,14.884,16.301,16.106,17.500,15.433,19.334,18.864,19.769,18.392,14.357,NA,17.475,NA,13.995,16.056,14.917,15.653,18.091,17.847,19.250,16.987,16.591,16.851,17.078,17.186,16.150,18.430,16.411,15.753,15.675,13.899,18.918,15.317,NA,17.645,17.310,NA,15.283,19.163,13.383,16.590,14.830,13.994,16.495,16.644,20.036,18.637,18.116,NA,14.272,17.143,16.520,13.689,15.196,17.835,20.434,16.669,17.134,17.503,19.184,18.249,17.869,18.180,14.706,18.919,15.712,17.708,19.248,20.148,19.052,19.695,20.597
Unknown 046,17.649,19.291,18.884,20.728,19.912,18.909,18.999,22.903,18.484,17.749,18.734,18.125,18.110,18.482,19.377,21.509,19.010,18.904,18.344,19.089,18.664,18.779,22.974,18.274,18.437,21.660,18.385,17.697,18.315,18.347,17.024,19.131,19.081,22.844,18.146,19.574,17.300,18.649,18.928,18.056,18.840,22.614,19.113,19.667,18.789,18.332,18.548,18.651,18.628,22.575,18.940,21.579,22.382,19.142,19.522,21.341,22.469,18.136,19.235,18.841,19.217,18.552,18.665,19.434,18.899,19.249,18.941,18.120,18.505,20.602,19.012,17.739,17.356,21.722,20.019,19.397,18.014,18.947,18.037,18.518,18.958,18.727,18.870,18.151,19.883,19.118,18.681
Unknown 047,20.122,19.880,19.251,19.274,18.790,18.042,18.055,19.037,18.138,17.908,18.489,18.239,18.201,18.646,18.587,21.987,19.436,18.318,18.987,19.202,19.006,19.629,19.285,19.056,19.044,21.877,19.029,18.796,18.779,18.825,19.172,19.290,18.489,18.932,19.759,19.821,19.562,18.352,18.578,18.592,20.927,18.152,19.631,19.225,18.804,18.577,18.861,19.256,19.820,18.970,18.352,19.005,18.744,19.497,20.730,18.914,18.306,19.253,19.065,18.607,18.793,18.766,18.618,19.444,19.192,18.922,18.481,17.445,18.717,19.793,19.010,19.168,18.691,20.012,18.675,18.830,17.564,19.328,18.283,18.531,18.494,19.312,19.416,19.464,19.126,18.925,20.127
Unknown 048,18.852,19.466,19.381,18.654,19.582,19.620,18.577,17.312,18.093,17.251,18.208,16.917,17.301,18.803,18.574,17.592,19.366,17.589,18.080,18.838,18.760,20.073,18.078,18.823,17.460,17.060,18.953,17.075,19.000,24.138,18.550,19.737,18.962,18.236,19.124,19.714,18.771,18.503,18.732,18.225,20.355,18.122,19.060,18.997,18.050,17.887,18.217,18.687,18.519,18.120,17.198,18.883,17.457,18.757,21.421,19.026,17.171,18.525,18.989,19.063,19.160,18.493,18.120,19.751,19.108,18.944,17.995,17.683,17.829,19.560,19.168,17.753,18.606,20.852,18.597,19.190,18.627,19.876,16.855,17.941,18.350,18.193,18.642,18.511,18.947,18.597,18.713
Unknown 049,19.192,18.893,16.806,18.607,19.473,18.741,19.590,19.183,19.105,19.600,16.772,19.670,20.111,18.912,18.694,18.893,20.172,18.257,19.608,17.997,20.018,19.726,19.161,18.785,19.214,21.214,19.317,19.425,18.577,18.811,19.189,18.936,19.167,18.889,19.150,19.477,19.915,18.946,18.194,20.995,18.189,18.395,19.164,19.075,18.522,18.822,18.751,18.350,19.991,17.228,17.762,20.881,18.077,18.467,18.117,20.206,18.610,18.879,19.662,19.570,18.923,19.505,19.218,17.264,18.441,20.136,19.597,19.970,18.848,18.898,20.527,16.674,19.366,18.845,17.160,19.128,20.597,18.678,20.496,17.884,16.949,17.000,17.142,18.425,17.606,17.265,17.403
Unknown 050,19.385,18.712,19.406,20.241,19.219,19.300,20.835,19.837,19.706,20.268,20.772,22.026,20.082,23.500,22.521,22.738,19.363,19.762,20.630,19.390,19.834,21.590,22.489,18.069,20.920,19.275,19.614,20.403,20.220,19.981,19.669,21.943,21.477,19.740,20.519,21.919,19.970,20.591,21.366,20.039,19.736,20.215,20.975,22.732,21.305,21.083,21.366,21.792,18.871,20.705,21.153,21.443,22.008,19.878,20.922,21.650,20.814,20.695,20.917,20.211,20.897,20.299,22.418,21.242,20.263,19.251,21.365,19.970,20.768,20.147,21.908,20.602,21.221,19.254,19.926,20.663,20.560,20.608,21.201,21.113,18.139,16.759,18.628,18.036,17.574,18.211,18.545
Unknown 051,19.496,20.026,19.073,20.046,19.893,20.818,19.998,18.297,19.744,20.014,20.225,19.853,16.449,17.956,18.274,19.512,20.006,18.414,17.968,18.919,18.843,18.853,19.641,19.083,19.746,18.142,17.870,18.044,18.352,20.469,19.553,19.993,19.648,19.012,19.588,20.442,18.167,19.689,17.819,18.615,20.923,21.141,19.639,23.860,17.405,15.516,17.683,18.999,20.750,18.908,19.462,20.895,19.221,18.881,22.020,20.889,20.184,19.546,19.910,19.420,20.114,20.092,19.107,19.730,19.767,17.966,16.747,17.994,17.474,19.932,23.198,17.923,20.641,20.901,18.974,18.496,19.967,19.566,20.854,19.096,20.393,19.989,20.212,20.266,20.381,19.985,18.743